,contour,moments,area_pixels,area_Î¼m^2
0,"[[[668 708]]

 [[666 718]]

 [[670 731]]

 [[682 740]]

 [[694 743]]

 [[698 729]]

 [[698 722]]

 [[690 715]]

 [[684 716]]

 [[678 711]]

 [[672 708]]]","[682, 725]",729.0,86.68252080856124
1,"[[[568 661]]

 [[564 664]]

 [[561 664]]

 [[558 667]]

 [[555 677]]

 [[557 681]]

 [[556 684]]

 [[561 695]]

 [[566 697]]

 [[567 699]]

 [[572 699]]

 [[574 694]]

 [[573 689]]

 [[584 686]]

 [[586 684]]

 [[587 678]]

 [[584 671]]

 [[577 664]]]","[569, 678]",798.0,94.88703923900118
2,"[[[ 63 648]]

 [[ 61 651]]

 [[ 55 651]]

 [[ 52 656]]

 [[ 53 664]]

 [[ 60 670]]

 [[ 60 673]]

 [[ 58 675]]

 [[ 54 675]]

 [[ 54 682]]

 [[ 59 686]]

 [[ 66 686]]

 [[ 68 688]]

 [[ 68 677]]

 [[ 65 671]]

 [[ 70 670]]

 [[ 76 664]]

 [[ 75 656]]

 [[ 70 651]]]","[63, 665]",570.0,67.77645659928656
3,"[[[138 632]]

 [[136 632]]

 [[131 639]]

 [[129 639]]

 [[124 634]]

 [[121 634]]

 [[118 637]]

 [[111 640]]

 [[111 644]]

 [[109 646]]

 [[101 671]]

 [[101 687]]

 [[107 702]]

 [[117 701]]

 [[120 697]]

 [[125 696]]

 [[131 690]]

 [[147 661]]

 [[147 658]]

 [[142 656]]

 [[139 649]]

 [[139 645]]

 [[143 640]]

 [[143 636]]]","[121, 666]",2147.0,255.29131985731271
4,"[[[ 56 594]]

 [[ 45 593]]

 [[ 41 596]]

 [[ 40 607]]

 [[ 37 610]]

 [[ 30 610]]

 [[ 25 618]]

 [[ 24 624]]

 [[ 27 628]]

 [[ 33 627]]

 [[ 37 624]]

 [[ 39 620]]

 [[ 39 612]]

 [[ 41 609]]

 [[ 44 609]]

 [[ 47 613]]

 [[ 44 617]]

 [[ 46 628]]

 [[ 51 630]]

 [[ 54 629]]

 [[ 53 626]]

 [[ 47 626]]

 [[ 46 617]]

 [[ 53 610]]

 [[ 57 609]]

 [[ 60 605]]

 [[ 60 599]]]","[42, 610]",571.5,67.95481569560047
5,"[[[ 68 498]]

 [[ 62 495]]

 [[ 58 495]]

 [[ 56 497]]

 [[ 46 499]]

 [[ 40 504]]

 [[ 38 504]]

 [[ 31 512]]

 [[ 31 516]]

 [[ 29 518]]

 [[ 37 520]]

 [[ 41 524]]

 [[ 40 529]]

 [[ 31 531]]

 [[ 29 533]]

 [[ 29 542]]

 [[ 31 546]]

 [[ 36 549]]

 [[ 42 549]]

 [[ 46 546]]

 [[ 53 545]]

 [[ 56 542]]

 [[ 58 542]]

 [[ 63 536]]

 [[ 67 537]]

 [[ 70 534]]

 [[ 72 527]]

 [[ 72 503]]]","[51, 521]",1690.5,201.01070154577883
6,"[[[371 407]]

 [[369 410]]

 [[369 416]]

 [[380 433]]

 [[381 440]]

 [[384 446]]

 [[389 450]]

 [[399 452]]

 [[403 448]]

 [[405 448]]

 [[406 437]]

 [[400 426]]

 [[386 411]]

 [[380 407]]]","[388, 429]",941.5,111.95005945303211
7,"[[[684 369]]

 [[676 370]]

 [[671 381]]

 [[667 378]]

 [[661 378]]

 [[659 380]]

 [[654 381]]

 [[652 393]]

 [[653 397]]

 [[658 402]]

 [[667 405]]

 [[675 397]]

 [[675 391]]

 [[680 387]]

 [[685 386]]

 [[685 384]]

 [[688 381]]

 [[689 375]]]","[669, 386]",721.0,85.73127229488703
8,"[[[606 355]]

 [[603 359]]

 [[603 362]]

 [[600 364]]

 [[599 369]]

 [[592 368]]

 [[582 360]]

 [[582 365]]

 [[586 367]]

 [[587 371]]

 [[585 380]]

 [[587 383]]

 [[583 385]]

 [[575 383]]

 [[575 386]]

 [[570 387]]

 [[570 389]]

 [[572 390]]

 [[574 388]]

 [[577 388]]

 [[582 394]]

 [[583 392]]

 [[585 392]]

 [[586 389]]

 [[593 387]]

 [[594 389]]

 [[592 391]]

 [[594 393]]

 [[592 400]]

 [[594 400]]

 [[595 403]]

 [[600 390]]

 [[604 392]]

 [[606 396]]

 [[608 393]]

 [[611 393]]

 [[611 391]]

 [[602 390]]

 [[603 383]]

 [[610 379]]

 [[608 379]]

 [[605 375]]

 [[598 374]]

 [[599 372]]

 [[601 372]]

 [[602 365]]

 [[606 365]]

 [[607 369]]

 [[610 368]]

 [[611 371]]

 [[617 371]]

 [[617 368]]

 [[610 366]]

 [[606 358]]]","[594, 379]",646.0,76.81331747919144
9,"[[[362 284]]

 [[359 287]]

 [[358 293]]

 [[364 311]]

 [[367 314]]

 [[367 316]]

 [[376 317]]

 [[380 313]]

 [[381 309]]

 [[376 292]]

 [[373 289]]

 [[373 287]]

 [[369 284]]]","[369, 300]",518.5,61.652794292508915
10,"[[[ 69 217]]

 [[ 65 221]]

 [[ 64 227]]

 [[ 68 234]]

 [[ 77 244]]

 [[ 79 249]]

 [[ 86 254]]

 [[ 95 252]]

 [[ 99 244]]

 [[ 99 235]]

 [[ 94 222]]

 [[ 90 217]]

 [[ 83 214]]

 [[ 76 214]]]","[83, 232]",960.0,114.14982164090368
11,"[[[533 195]]

 [[527 199]]

 [[526 210]]

 [[531 222]]

 [[538 225]]

 [[545 220]]

 [[549 212]]

 [[549 205]]

 [[547 200]]

 [[543 196]]]","[537, 208]",527.5,62.72294887039239
12,"[[[658 163]]

 [[647 165]]

 [[642 169]]

 [[640 174]]

 [[638 175]]

 [[639 183]]

 [[645 191]]

 [[652 193]]

 [[659 190]]

 [[664 185]]

 [[667 179]]

 [[667 172]]

 [[664 166]]

 [[661 166]]]","[652, 177]",639.5,76.04042806183115
13,"[[[ 60 109]]

 [[ 57 109]]

 [[ 53 112]]

 [[ 40 147]]

 [[ 42 155]]

 [[ 46 157]]

 [[ 50 157]]

 [[ 54 154]]

 [[ 65 131]]

 [[ 66 116]]]","[53, 133]",739.5,87.93103448275862
14,"[[[484  91]]

 [[479  92]]

 [[465 108]]

 [[466 121]]

 [[463 124]]

 [[463 126]]

 [[458 130]]

 [[447 130]]

 [[444 139]]

 [[437 147]]

 [[439 152]]

 [[438 163]]

 [[444 176]]

 [[450 181]]

 [[464 188]]

 [[476 186]]

 [[480 189]]

 [[488 185]]

 [[489 177]]

 [[480 171]]

 [[480 162]]

 [[483 150]]

 [[486 146]]

 [[491 144]]

 [[496 138]]

 [[502 137]]

 [[501 127]]

 [[499 123]]

 [[498 106]]

 [[492  98]]]","[470, 143]",3635.0,432.2235434007134
15,"[[[ 13  72]]

 [[  7  76]]

 [[  6  80]]

 [[  8  94]]

 [[ 16 111]]

 [[ 15 120]]

 [[  6 138]]

 [[  6 145]]

 [[  8 150]]

 [[  7 163]]

 [[ 24 173]]

 [[ 32 173]]

 [[ 35 172]]

 [[ 37 165]]

 [[ 35 160]]

 [[ 31 158]]

 [[ 29 153]]

 [[ 29 132]]

 [[ 39 118]]

 [[ 39 115]]

 [[ 42 112]]

 [[ 42 106]]

 [[ 39 102]]

 [[ 37  91]]

 [[ 34  88]]

 [[ 32  82]]

 [[ 23  74]]]","[22, 121]",2371.5,281.9857312722949
16,"[[[598  58]]

 [[592  60]]

 [[591  70]]

 [[593  73]]

 [[585  77]]

 [[580  83]]

 [[570 107]]

 [[570 117]]

 [[568 123]]

 [[568 140]]

 [[574 156]]

 [[580 164]]

 [[583 172]]

 [[581 174]]

 [[575 175]]

 [[571 180]]

 [[571 187]]

 [[573 190]]

 [[576 191]]

 [[576 195]]

 [[570 206]]

 [[566 224]]

 [[567 233]]

 [[561 245]]

 [[561 253]]

 [[563 256]]

 [[573 258]]

 [[575 260]]

 [[577 267]]

 [[586 273]]

 [[602 269]]

 [[622 254]]

 [[625 242]]

 [[627 240]]

 [[627 229]]

 [[631 223]]

 [[636 219]]

 [[638 214]]

 [[638 204]]

 [[636 202]]

 [[636 199]]

 [[633 194]]

 [[624 186]]

 [[621 180]]

 [[621 173]]

 [[630 160]]

 [[631 155]]

 [[633 153]]

 [[633 144]]

 [[624 122]]

 [[624 110]]

 [[619  89]]

 [[620  67]]

 [[614  61]]

 [[607  61]]]","[599, 171]",10997.5,1307.6694411414983
17,"[[[221  91]]

 [[226  97]]

 [[235  97]]

 [[239  94]]

 [[247  93]]

 [[257  88]]

 [[268  89]]

 [[275  87]]

 [[283  82]]

 [[284  74]]

 [[280  70]]

 [[266  70]]

 [[256  62]]

 [[250  60]]

 [[249  58]]

 [[240  56]]

 [[234  61]]

 [[230  73]]

 [[222  81]]]","[249, 77]",1534.5,182.461355529132
18,"[[[352  48]]

 [[338  53]]

 [[333  58]]

 [[329  75]]

 [[321  74]]

 [[315  76]]

 [[309  82]]

 [[309  93]]

 [[305  99]]

 [[304 104]]

 [[305 109]]

 [[311 117]]

 [[311 119]]

 [[313 120]]

 [[318 132]]

 [[324 138]]

 [[329 140]]

 [[329 142]]

 [[317 153]]

 [[305 153]]

 [[304 141]]

 [[296 134]]

 [[285 133]]

 [[280 136]]

 [[268 137]]

 [[267 139]]

 [[262 141]]

 [[251 151]]

 [[245 161]]

 [[242 162]]

 [[237 156]]

 [[233 155]]

 [[221 141]]

 [[220 137]]

 [[206 124]]

 [[194 123]]

 [[191 126]]

 [[191 138]]

 [[207 151]]

 [[230 177]]

 [[237 178]]

 [[244 171]]

 [[246 172]]

 [[246 176]]

 [[235 194]]

 [[234 211]]

 [[232 214]]

 [[228 215]]

 [[225 213]]

 [[224 205]]

 [[225 201]]

 [[231 192]]

 [[228 183]]

 [[216 174]]

 [[206 173]]

 [[202 177]]

 [[200 188]]

 [[200 199]]

 [[202 204]]

 [[201 213]]

 [[209 223]]

 [[209 232]]

 [[211 236]]

 [[217 242]]

 [[214 246]]

 [[210 258]]

 [[194 280]]

 [[191 289]]

 [[181 307]]

 [[178 335]]

 [[175 338]]

 [[174 344]]

 [[178 350]]

 [[182 350]]

 [[187 356]]

 [[187 359]]

 [[182 364]]

 [[180 370]]

 [[180 378]]

 [[183 381]]

 [[194 383]]

 [[205 390]]

 [[203 403]]

 [[203 448]]

 [[200 459]]

 [[196 464]]

 [[194 472]]

 [[195 479]]

 [[199 484]]

 [[209 485]]

 [[213 481]]

 [[216 474]]

 [[223 445]]

 [[229 433]]

 [[236 427]]

 [[242 425]]

 [[253 425]]

 [[264 430]]

 [[276 443]]

 [[278 448]]

 [[288 456]]

 [[289 462]]

 [[294 467]]

 [[296 473]]

 [[299 476]]

 [[302 488]]

 [[306 493]]

 [[314 494]]

 [[318 492]]

 [[327 495]]

 [[341 494]]

 [[348 491]]

 [[350 501]]

 [[353 505]]

 [[355 505]]

 [[362 511]]

 [[371 513]]

 [[381 509]]

 [[385 503]]

 [[385 495]]

 [[393 482]]

 [[391 471]]

 [[383 466]]

 [[375 468]]

 [[367 479]]

 [[362 480]]

 [[354 486]]

 [[353 483]]

 [[355 479]]

 [[356 468]]

 [[358 465]]

 [[353 457]]

 [[347 455]]

 [[337 456]]

 [[331 461]]

 [[329 466]]

 [[326 469]]

 [[324 469]]

 [[321 458]]

 [[317 453]]

 [[318 450]]

 [[325 454]]

 [[332 452]]

 [[341 441]]

 [[343 435]]

 [[340 426]]

 [[328 413]]

 [[322 410]]

 [[318 404]]

 [[323 403]]

 [[328 405]]

 [[334 405]]

 [[340 403]]

 [[344 399]]

 [[344 396]]

 [[346 394]]

 [[345 387]]

 [[335 383]]

 [[335 381]]

 [[338 378]]

 [[344 375]]

 [[344 363]]

 [[336 359]]

 [[323 359]]

 [[315 362]]

 [[310 372]]

 [[302 371]]

 [[297 364]]

 [[289 357]]

 [[285 345]]

 [[282 341]]

 [[282 338]]

 [[286 334]]

 [[286 325]]

 [[284 322]]

 [[280 320]]

 [[277 321]]

 [[275 318]]

 [[276 307]]

 [[284 298]]

 [[296 299]]

 [[304 293]]

 [[308 287]]

 [[308 284]]

 [[311 281]]

 [[311 277]]

 [[308 271]]

 [[303 268]]

 [[295 268]]

 [[278 278]]

 [[274 278]]

 [[261 264]]

 [[259 264]]

 [[258 262]]

 [[249 257]]

 [[235 256]]

 [[230 258]]

 [[226 265]]

 [[227 272]]

 [[236 286]]

 [[245 293]]

 [[245 296]]

 [[250 304]]

 [[250 311]]

 [[247 316]]

 [[245 325]]

 [[232 340]]

 [[227 353]]

 [[218 358]]

 [[214 358]]

 [[207 352]]

 [[208 344]]

 [[206 339]]

 [[206 321]]

 [[203 312]]

 [[205 299]]

 [[217 281]]

 [[222 261]]

 [[232 250]]

 [[232 244]]

 [[229 240]]

 [[229 237]]

 [[241 224]]

 [[243 224]]

 [[246 227]]

 [[251 239]]

 [[253 240]]

 [[254 249]]

 [[257 256]]

 [[262 260]]

 [[265 259]]

 [[268 261]]

 [[271 259]]

 [[272 248]]

 [[280 242]]

 [[283 242]]

 [[290 236]]

 [[300 223]]

 [[311 222]]

 [[314 226]]

 [[314 234]]

 [[316 238]]

 [[316 241]]

 [[312 247]]

 [[313 265]]

 [[320 269]]

 [[328 269]]

 [[349 276]]

 [[357 272]]

 [[365 264]]

 [[375 258]]

 [[383 248]]

 [[392 248]]

 [[404 239]]

 [[410 238]]

 [[418 234]]

 [[418 231]]

 [[421 228]]

 [[422 217]]

 [[420 216]]

 [[418 211]]

 [[415 209]]

 [[407 209]]

 [[393 213]]

 [[380 203]]

 [[380 200]]

 [[373 189]]

 [[367 186]]

 [[360 186]]

 [[353 191]]

 [[352 202]]

 [[354 206]]

 [[362 214]]

 [[373 219]]

 [[374 226]]

 [[367 239]]

 [[361 243]]

 [[348 258]]

 [[341 258]]

 [[333 250]]

 [[333 247]]

 [[339 240]]

 [[339 228]]

 [[337 223]]

 [[337 217]]

 [[329 209]]

 [[321 210]]

 [[319 208]]

 [[318 188]]

 [[328 166]]

 [[342 164]]

 [[346 162]]

 [[356 172]]

 [[369 178]]

 [[375 179]]

 [[378 182]]

 [[380 189]]

 [[387 194]]

 [[394 191]]

 [[396 187]]

 [[391 166]]

 [[381 150]]

 [[373 146]]

 [[358 148]]

 [[354 144]]

 [[354 141]]

 [[352 139]]

 [[342 134]]

 [[344 128]]

 [[352 122]]

 [[356 115]]

 [[360  97]]

 [[365  88]]

 [[367  87]]

 [[367  85]]

 [[370  83]]

 [[374  68]]

 [[374  60]]

 [[368  51]]

 [[362  48]]]","[286, 286]",44362.5,5274.9702734839475
19,"[[[367  22]]

 [[363  29]]

 [[364  33]]

 [[370  41]]

 [[373  53]]

 [[375  54]]

 [[375  56]]

 [[378  57]]

 [[386  56]]

 [[391  48]]

 [[391  44]]

 [[383  26]]

 [[376  21]]]","[377, 38]",642.5,76.39714625445897
20,"[[[779 683]]

 [[771 683]]

 [[765 687]]

 [[762 692]]

 [[762 695]]

 [[770 708]]

 [[769 712]]

 [[766 712]]

 [[761 715]]

 [[760 720]]

 [[762 724]]

 [[773 721]]

 [[773 718]]

 [[770 713]]

 [[772 709]]

 [[784 709]]

 [[787 703]]

 [[789 702]]

 [[790 695]]]","[774, 700]",656.0,78.00237812128418
21,"[[[809 674]]

 [[802 675]]

 [[795 682]]

 [[792 683]]

 [[792 691]]

 [[801 699]]

 [[800 702]]

 [[795 703]]

 [[793 708]]

 [[793 711]]

 [[799 722]]

 [[806 720]]

 [[810 715]]

 [[810 707]]

 [[803 701]]

 [[806 695]]

 [[814 689]]

 [[814 681]]]","[802, 696]",643.0,76.45659928656362
22,"[[[881 663]]

 [[872 672]]

 [[872 679]]

 [[885 694]]

 [[889 695]]

 [[896 684]]

 [[898 676]]

 [[887 663]]]","[884, 677]",539.0,64.09036860879905
23,"[[[853 519]]

 [[844 513]]

 [[840 516]]

 [[835 516]]

 [[832 519]]

 [[821 520]]

 [[820 527]]

 [[816 529]]

 [[812 526]]

 [[813 518]]

 [[811 517]]

 [[809 519]]

 [[809 526]]

 [[812 527]]

 [[815 533]]

 [[825 542]]

 [[829 542]]

 [[833 545]]

 [[846 545]]

 [[844 534]]

 [[841 533]]

 [[839 535]]

 [[836 535]]

 [[832 530]]

 [[832 523]]

 [[838 522]]

 [[843 530]]

 [[845 530]]

 [[852 524]]]","[832, 529]",681.0,80.97502972651606
24,"[[[750 496]]

 [[746 495]]

 [[736 488]]

 [[718 488]]

 [[705 495]]

 [[693 507]]

 [[688 515]]

 [[689 531]]

 [[694 536]]

 [[694 540]]

 [[697 544]]

 [[720 545]]

 [[724 542]]

 [[732 541]]

 [[735 538]]

 [[747 533]]

 [[758 522]]

 [[759 509]]]","[722, 516]",3048.5,362.48513674197386
25,"[[[622 486]]

 [[620 502]]

 [[623 507]]

 [[623 518]]

 [[620 522]]

 [[620 526]]

 [[623 530]]

 [[627 542]]

 [[636 542]]

 [[644 546]]

 [[650 544]]

 [[657 545]]

 [[659 542]]

 [[662 542]]

 [[664 544]]

 [[664 547]]

 [[652 560]]

 [[650 567]]

 [[648 569]]

 [[648 575]]

 [[642 579]]

 [[642 587]]

 [[644 588]]

 [[646 586]]

 [[649 586]]

 [[652 589]]

 [[655 596]]

 [[659 599]]

 [[658 603]]

 [[652 605]]

 [[650 608]]

 [[653 615]]

 [[653 624]]

 [[634 631]]

 [[629 636]]

 [[628 641]]

 [[628 655]]

 [[632 667]]

 [[639 668]]

 [[643 665]]

 [[657 644]]

 [[660 644]]

 [[663 648]]

 [[663 659]]

 [[660 666]]

 [[652 669]]

 [[647 674]]

 [[648 681]]

 [[655 691]]

 [[655 693]]

 [[663 700]]

 [[673 699]]

 [[679 704]]

 [[686 706]]

 [[688 709]]

 [[691 709]]

 [[693 703]]

 [[690 694]]

 [[691 691]]

 [[695 692]]

 [[701 697]]

 [[708 697]]

 [[713 693]]

 [[714 687]]

 [[710 680]]

 [[711 677]]

 [[725 678]]

 [[725 686]]

 [[727 689]]

 [[729 689]]

 [[731 687]]

 [[731 682]]

 [[727 678]]

 [[727 673]]

 [[729 670]]

 [[732 669]]

 [[732 664]]

 [[737 657]]

 [[743 658]]

 [[743 649]]

 [[746 646]]

 [[750 648]]

 [[751 656]]

 [[757 657]]

 [[760 653]]

 [[760 649]]

 [[758 648]]

 [[757 642]]

 [[764 634]]

 [[782 634]]

 [[787 641]]

 [[789 641]]

 [[791 635]]

 [[794 634]]

 [[797 638]]

 [[802 638]]

 [[809 646]]

 [[817 646]]

 [[823 640]]

 [[824 631]]

 [[822 628]]

 [[815 625]]

 [[811 620]]

 [[810 606]]

 [[819 597]]

 [[826 598]]

 [[831 604]]

 [[842 602]]

 [[852 603]]

 [[858 599]]

 [[870 601]]

 [[877 606]]

 [[881 614]]

 [[867 621]]

 [[857 618]]

 [[851 612]]

 [[852 607]]

 [[847 609]]

 [[850 611]]

 [[850 618]]

 [[855 628]]

 [[861 633]]

 [[867 634]]

 [[872 637]]

 [[881 637]]

 [[887 633]]

 [[895 625]]

 [[902 622]]

 [[907 617]]

 [[910 611]]

 [[909 590]]

 [[906 583]]

 [[899 577]]

 [[888 575]]

 [[885 572]]

 [[885 570]]

 [[889 567]]

 [[895 566]]

 [[900 568]]

 [[902 565]]

 [[903 543]]

 [[899 534]]

 [[888 527]]

 [[881 526]]

 [[877 530]]

 [[878 542]]

 [[875 550]]

 [[873 552]]

 [[866 551]]

 [[866 554]]

 [[872 559]]

 [[871 567]]

 [[862 571]]

 [[851 584]]

 [[836 589]]

 [[832 585]]

 [[832 582]]

 [[828 578]]

 [[828 576]]

 [[824 575]]

 [[825 580]]

 [[819 589]]

 [[811 591]]

 [[806 606]]

 [[795 616]]

 [[790 615]]

 [[784 610]]

 [[783 592]]

 [[785 587]]

 [[779 588]]

 [[779 601]]

 [[782 604]]

 [[782 613]]

 [[771 623]]

 [[768 623]]

 [[760 627]]

 [[754 627]]

 [[750 623]]

 [[741 623]]

 [[739 627]]

 [[734 631]]

 [[730 631]]

 [[726 634]]

 [[719 636]]

 [[717 640]]

 [[709 646]]

 [[703 655]]

 [[697 655]]

 [[687 643]]

 [[687 630]]

 [[689 625]]

 [[689 614]]

 [[691 604]]

 [[687 588]]

 [[687 571]]

 [[691 565]]

 [[694 550]]

 [[692 546]]

 [[686 541]]

 [[675 544]]

 [[671 542]]

 [[673 537]]

 [[678 534]]

 [[681 530]]

 [[681 511]]

 [[674 500]]

 [[671 502]]

 [[666 501]]

 [[663 495]]

 [[660 493]]

 [[660 486]]

 [[652 488]]

 [[648 484]]

 [[645 475]]

 [[650 468]]

 [[650 464]]

 [[647 460]]

 [[646 470]]

 [[635 476]]

 [[631 474]]

 [[630 480]]]","[733, 600]",18283.0,2173.9595719381687
26,"[[[846 181]]

 [[837 180]]

 [[831 186]]

 [[831 191]]

 [[824 197]]

 [[821 197]]

 [[819 193]]

 [[816 195]]

 [[815 205]]

 [[807 217]]

 [[805 219]]

 [[801 219]]

 [[799 223]]

 [[799 228]]

 [[797 232]]

 [[797 242]]

 [[802 248]]

 [[804 248]]

 [[806 243]]

 [[812 246]]

 [[820 245]]

 [[825 236]]

 [[826 229]]

 [[832 217]]

 [[832 209]]

 [[837 203]]

 [[845 202]]

 [[847 200]]]","[820, 215]",1532.0,182.1640903686088
27,"[[[885  83]]

 [[882  85]]

 [[881 103]]

 [[873 117]]

 [[870 125]]

 [[869 137]]

 [[866 142]]

 [[866 149]]

 [[869 151]]

 [[874 151]]

 [[879 155]]

 [[886 155]]

 [[891 153]]

 [[900 142]]

 [[904 134]]

 [[904 126]]

 [[900 112]]

 [[898 110]]

 [[899 104]]

 [[886  94]]

 [[888  87]]]","[885, 126]",1614.0,191.9143876337693
28,"[[[865  39]]

 [[862  40]]

 [[857  35]]

 [[826  38]]

 [[826  41]]

 [[830  46]]

 [[830  53]]

 [[823  67]]

 [[819  84]]

 [[815  90]]

 [[818 108]]

 [[821 115]]

 [[830 110]]

 [[834 110]]

 [[843 101]]

 [[847  83]]

 [[853  74]]

 [[857  61]]

 [[858  44]]

 [[861  41]]

 [[864  42]]

 [[864  46]]

 [[867  52]]

 [[865  58]]

 [[867  57]]

 [[867  54]]

 [[869  52]]

 [[870  46]]]","[837, 71]",2208.0,262.5445897740785
29,"[[[920  11]]

 [[911  17]]

 [[903  32]]

 [[903  38]]

 [[900  39]]

 [[905  44]]

 [[904  46]]

 [[902  46]]

 [[903  49]]

 [[905  50]]

 [[907  48]]

 [[913  57]]

 [[923  57]]

 [[925  59]]

 [[925  64]]

 [[927  67]]

 [[931  69]]

 [[941  70]]

 [[954  65]]

 [[954  63]]

 [[959  58]]

 [[963  42]]

 [[963  28]]

 [[955  19]]

 [[939  10]]]","[934, 38]",2737.0,325.4458977407848
30,"[[[1154  604]]

 [[1148  610]]

 [[1148  621]]

 [[1146  622]]

 [[1146  640]]

 [[1144  649]]

 [[1150  656]]

 [[1168  659]]

 [[1173  652]]

 [[1176  652]]

 [[1177  647]]

 [[1186  647]]

 [[1194  642]]

 [[1196  636]]

 [[1200  632]]

 [[1201  622]]

 [[1196  615]]

 [[1191  613]]

 [[1179  617]]

 [[1175  614]]

 [[1174  611]]

 [[1164  609]]]","[1169, 631]",2097.0,249.346016646849
31,"[[[1121  507]]

 [[1112  514]]

 [[1111  521]]

 [[1114  525]]

 [[1120  527]]

 [[1122  530]]

 [[1125  550]]

 [[1132  555]]

 [[1144  555]]

 [[1150  552]]

 [[1154  548]]

 [[1156  543]]

 [[1156  537]]

 [[1154  531]]

 [[1149  525]]

 [[1148  515]]

 [[1144  509]]

 [[1138  506]]

 [[1129  505]]]","[1135, 529]",1511.0,179.66706302021404
32,"[[[1155  409]]

 [[1148  412]]

 [[1146  420]]

 [[1142  427]]

 [[1144  435]]

 [[1153  443]]

 [[1154  449]]

 [[1141  469]]

 [[1140  481]]

 [[1141  486]]

 [[1149  497]]

 [[1153  499]]

 [[1166  501]]

 [[1174  499]]

 [[1188  490]]

 [[1194  479]]

 [[1196  469]]

 [[1203  457]]

 [[1206  443]]

 [[1204  438]]

 [[1198  431]]

 [[1198  427]]

 [[1201  424]]

 [[1201  422]]

 [[1199  421]]

 [[1199  417]]

 [[1192  414]]

 [[1198  422]]

 [[1197  426]]

 [[1193  427]]

 [[1190  423]]

 [[1190  416]]

 [[1184  419]]

 [[1179  414]]

 [[1171  410]]]","[1170, 454]",4398.5,523.0083234244946
33,"[[[1181  311]]

 [[1174  310]]

 [[1170  312]]

 [[1164  318]]

 [[1163  321]]

 [[1160  321]]

 [[1158  317]]

 [[1152  313]]

 [[1143  313]]

 [[1136  318]]

 [[1132  335]]

 [[1119  363]]

 [[1119  371]]

 [[1122  384]]

 [[1125  390]]

 [[1135  397]]

 [[1144  397]]

 [[1158  394]]

 [[1168  388]]

 [[1176  379]]

 [[1181  377]]

 [[1185  372]]

 [[1190  361]]

 [[1191  352]]

 [[1187  347]]

 [[1183  346]]

 [[1181  343]]

 [[1184  336]]

 [[1186  319]]]","[1154, 354]",4532.5,538.9417360285374
34,"[[[1182  215]]

 [[1180  232]]

 [[1183  237]]

 [[1183  243]]

 [[1180  248]]

 [[1177  264]]

 [[1183  273]]

 [[1189  277]]

 [[1192  277]]

 [[1195  280]]

 [[1198  280]]

 [[1199  278]]

 [[1206  276]]

 [[1210  272]]

 [[1214  259]]

 [[1215  246]]

 [[1221  240]]

 [[1222  235]]

 [[1219  231]]

 [[1214  230]]

 [[1205  225]]

 [[1199  217]]

 [[1191  220]]

 [[1188  215]]]","[1197, 247]",1928.0,229.25089179548158
35,"[[[1086  215]]

 [[1071  223]]

 [[1064  232]]

 [[1063  244]]

 [[1064  252]]

 [[1066  254]]

 [[1071  254]]

 [[1077  249]]

 [[1086  225]]]","[1073, 235]",550.5,65.4577883472057
36,"[[[1218  131]]

 [[1215  131]]

 [[1208  141]]

 [[1200  143]]

 [[1191  143]]

 [[1191  146]]

 [[1195  149]]

 [[1195  154]]

 [[1190  159]]

 [[1188  159]]

 [[1184  164]]

 [[1180  185]]

 [[1183  193]]

 [[1188  198]]

 [[1194  201]]

 [[1206  201]]

 [[1212  196]]

 [[1225  177]]

 [[1225  173]]

 [[1228  167]]

 [[1230  166]]

 [[1230  158]]

 [[1232  152]]

 [[1238  151]]

 [[1238  149]]

 [[1230  139]]]","[1206, 167]",2436.5,289.71462544589775
37,"[[[1070  102]]

 [[1066  103]]

 [[1065  106]]

 [[1059  111]]

 [[1059  114]]

 [[1065  121]]

 [[1065  128]]

 [[1061  137]]

 [[1057  138]]

 [[1053  132]]

 [[1052  116]]

 [[1050  118]]

 [[1050  123]]

 [[1047  126]]

 [[1044  140]]

 [[1037  141]]

 [[1036  157]]

 [[1043  163]]

 [[1046  170]]

 [[1046  179]]

 [[1044  183]]

 [[1045  194]]

 [[1043  195]]

 [[1044  199]]

 [[1045  195]]

 [[1052  192]]

 [[1053  190]]

 [[1057  190]]

 [[1060  195]]

 [[1064  194]]

 [[1067  190]]

 [[1070  189]]

 [[1072  183]]

 [[1078  180]]

 [[1089  147]]

 [[1098  131]]

 [[1098  127]]

 [[1093  122]]

 [[1087  124]]

 [[1083  121]]

 [[1080  110]]]","[1065, 150]",3166.5,376.51605231866824
38,"[[[1035   85]]

 [[1032   88]]

 [[1026   83]]

 [[1022   82]]

 [[1010   83]]

 [[ 998   89]]

 [[ 998   91]]

 [[1000   91]]

 [[1003   95]]

 [[1004  100]]

 [[ 994  118]]

 [[ 993  127]]

 [[ 996  136]]

 [[1007  149]]

 [[1011  150]]

 [[1019  140]]

 [[1022  131]]

 [[1022  122]]

 [[1026  113]]

 [[1026  100]]

 [[1033   89]]

 [[1035   89]]

 [[1036   94]]

 [[1042   98]]

 [[1042  117]]

 [[1045  116]]

 [[1047  110]]

 [[1045   95]]]","[1014, 112]",1795.5,213.49583828775266
39,"[[[1135   65]]

 [[1130   71]]

 [[1127   91]]

 [[1125   93]]

 [[1126   97]]

 [[1130   97]]

 [[1136  102]]

 [[1168  101]]

 [[1177   82]]

 [[1177   77]]

 [[1172   68]]

 [[1159   59]]

 [[1147   59]]]","[1151, 81]",1744.5,207.43162901307966
40,"[[[1081   60]]

 [[1076   69]]

 [[1074   78]]

 [[1074   84]]

 [[1079   94]]

 [[1084   90]]

 [[1106   92]]

 [[1108   97]]

 [[1111   96]]

 [[1112   92]]

 [[1119   93]]

 [[1122   78]]

 [[1122   67]]

 [[1117   59]]

 [[1108   53]]

 [[1095   52]]

 [[1087   55]]]","[1098, 73]",1639.5,194.94649227110583
41,"[[[1031   53]]

 [[1031   60]]

 [[1034   68]]

 [[1038   70]]

 [[1040   73]]

 [[1051   78]]

 [[1062   77]]

 [[1070   63]]

 [[1070   57]]

 [[1064   50]]

 [[1059   47]]

 [[1039   47]]]","[1050, 61]",950.5,113.02021403091558
42,"[[[ 973   36]]

 [[ 973   38]]

 [[ 970   40]]

 [[ 968   47]]

 [[ 968   56]]

 [[ 964   65]]

 [[ 972   66]]

 [[ 976   74]]

 [[ 978   74]]

 [[ 976   70]]

 [[ 982   66]]

 [[ 988   66]]

 [[ 991   68]]

 [[ 994   74]]

 [[ 999   74]]

 [[1002   76]]

 [[1015   73]]

 [[1019   69]]

 [[1020   63]]

 [[1022   62]]

 [[1023   48]]

 [[1018   39]]

 [[1006   31]]

 [[ 992   28]]

 [[ 985   31]]

 [[ 980   31]]]","[995, 51]",2027.0,241.02259215219976
43,"[[[1310  597]]

 [[1305  602]]

 [[1301  616]]

 [[1302  623]]

 [[1307  629]]

 [[1311  639]]

 [[1311  642]]

 [[1305  648]]

 [[1305  656]]

 [[1310  663]]

 [[1322  672]]

 [[1328  674]]

 [[1342  673]]

 [[1349  661]]

 [[1362  659]]

 [[1367  654]]

 [[1367  647]]

 [[1363  640]]

 [[1362  633]]

 [[1351  607]]

 [[1351  604]]

 [[1346  598]]

 [[1339  598]]

 [[1334  600]]

 [[1329  608]]

 [[1326  609]]

 [[1317  598]]]","[1332, 635]",3612.0,429.4887039239001
44,"[[[1264  595]]

 [[1261  601]]

 [[1261  605]]

 [[1263  606]]

 [[1263  608]]

 [[1269  613]]

 [[1280  630]]

 [[1290  630]]

 [[1292  627]]

 [[1291  617]]

 [[1284  610]]

 [[1280  599]]

 [[1274  594]]]","[1276, 611]",615.0,73.12722948870392
45,"[[[1337  396]]

 [[1330  399]]

 [[1326  404]]

 [[1324  410]]

 [[1328  420]]

 [[1335  423]]

 [[1342  423]]

 [[1349  418]]

 [[1353  409]]

 [[1353  404]]

 [[1348  398]]]","[1338, 409]",594.5,70.6896551724138
46,"[[[1395  294]]

 [[1391  294]]

 [[1386  298]]

 [[1379  300]]

 [[1378  309]]

 [[1374  315]]

 [[1371  324]]

 [[1365  330]]

 [[1360  344]]

 [[1363  352]]

 [[1370  361]]

 [[1370  363]]

 [[1373  365]]

 [[1379  365]]

 [[1395  357]]

 [[1404  344]]

 [[1403  335]]

 [[1406  325]]

 [[1404  316]]

 [[1405  305]]

 [[1403  300]]]","[1385, 331]",2184.0,259.6908442330559
47,"[[[1380  199]]

 [[1371  199]]

 [[1367  203]]

 [[1367  209]]

 [[1362  220]]

 [[1362  228]]

 [[1366  231]]

 [[1372  231]]

 [[1376  229]]

 [[1382  222]]

 [[1384  207]]]","[1373, 215]",526.5,62.60404280618312
48,"[[[1419  151]]

 [[1415  153]]

 [[1407  161]]

 [[1411  168]]

 [[1411  178]]

 [[1415  181]]

 [[1436  181]]

 [[1440  186]]

 [[1437  187]]

 [[1437  192]]

 [[1435  195]]

 [[1428  195]]

 [[1422  200]]

 [[1420  199]]

 [[1422  195]]

 [[1411  195]]

 [[1409  198]]

 [[1413  201]]

 [[1429  201]]

 [[1430  198]]

 [[1436  197]]

 [[1436  195]]

 [[1439  194]]

 [[1439  191]]

 [[1441  190]]

 [[1440  183]]

 [[1444  168]]

 [[1442  161]]

 [[1436  156]]

 [[1428  152]]]","[1425, 171]",1010.5,120.15457788347206
49,"[[[1358  130]]

 [[1354  132]]

 [[1348  141]]

 [[1348  151]]

 [[1345  161]]

 [[1341  168]]

 [[1338  164]]

 [[1338  169]]

 [[1341  170]]

 [[1342  176]]

 [[1353  188]]

 [[1363  185]]

 [[1365  180]]

 [[1373  177]]

 [[1377  181]]

 [[1377  183]]

 [[1382  187]]

 [[1391  182]]

 [[1393  177]]

 [[1395  159]]

 [[1390  146]]

 [[1379  135]]

 [[1368  131]]]","[1368, 159]",2295.0,272.8894173602854
50,"[[[1296  116]]

 [[1294  118]]

 [[1290  133]]

 [[1291  140]]

 [[1298  148]]

 [[1301  149]]

 [[1302  152]]

 [[1307  150]]

 [[1311  151]]

 [[1311  161]]

 [[1330  161]]

 [[1334  155]]

 [[1337  146]]

 [[1336  132]]

 [[1333  124]]

 [[1324  115]]

 [[1317  112]]

 [[1307  111]]]","[1314, 135]",1747.5,207.78834720570748
51,"[[[1221   97]]

 [[1218  105]]

 [[1217  114]]

 [[1215  115]]

 [[1215  117]]

 [[1218  118]]

 [[1219  121]]

 [[1223  121]]

 [[1226  124]]

 [[1229  124]]

 [[1233  132]]

 [[1235  132]]

 [[1235  130]]

 [[1239  128]]

 [[1243  123]]

 [[1246  123]]

 [[1249  126]]

 [[1249  132]]

 [[1252  133]]

 [[1253  141]]

 [[1264  137]]

 [[1267  139]]

 [[1268  142]]

 [[1271  142]]

 [[1275  139]]

 [[1275  137]]

 [[1270  135]]

 [[1271  132]]

 [[1282  134]]

 [[1287  115]]

 [[1284  101]]

 [[1262   88]]

 [[1252   88]]

 [[1250   86]]

 [[1234   88]]

 [[1233   93]]

 [[1225   93]]]","[1253, 111]",2672.0,317.7170035671819
52,"[[[1597  573]]

 [[1590  577]]

 [[1587  584]]

 [[1588  593]]

 [[1590  594]]

 [[1593  601]]

 [[1592  605]]

 [[1594  611]]

 [[1605  613]]

 [[1608  615]]

 [[1614  615]]

 [[1620  611]]

 [[1625  604]]

 [[1626  592]]

 [[1621  579]]

 [[1612  573]]]","[1606, 593]",1285.5,152.8537455410226
53,"[[[1597  438]]

 [[1587  437]]

 [[1586  439]]

 [[1574  436]]

 [[1568  436]]

 [[1561  439]]

 [[1557  446]]

 [[1557  450]]

 [[1561  456]]

 [[1564  456]]

 [[1566  458]]

 [[1565  462]]

 [[1552  478]]

 [[1542  498]]

 [[1537  503]]

 [[1531  502]]

 [[1526  505]]

 [[1526  509]]

 [[1524  512]]

 [[1524  533]]

 [[1529  541]]

 [[1532  553]]

 [[1540  567]]

 [[1545  573]]

 [[1554  578]]

 [[1564  579]]

 [[1570  572]]

 [[1570  566]]

 [[1573  559]]

 [[1575  546]]

 [[1592  516]]

 [[1598  502]]

 [[1598  497]]

 [[1594  493]]

 [[1587  493]]

 [[1579  501]]

 [[1572  513]]

 [[1567  509]]

 [[1567  507]]

 [[1572  504]]

 [[1578  493]]

 [[1583  489]]

 [[1588  479]]

 [[1597  474]]

 [[1597  472]]

 [[1599  471]]

 [[1598  465]]

 [[1608  464]]

 [[1611  460]]

 [[1611  455]]

 [[1608  448]]

 [[1603  441]]]","[1564, 505]",6486.5,771.2841854934602
54,"[[[1522  362]]

 [[1512  363]]

 [[1506  368]]

 [[1498  383]]

 [[1498  388]]

 [[1496  392]]

 [[1496  396]]

 [[1498  398]]

 [[1507  398]]

 [[1522  391]]

 [[1524  386]]

 [[1525  375]]

 [[1524  365]]]","[1511, 380]",752.0,89.41736028537456
55,"[[[1704  315]]

 [[1698  317]]

 [[1686  316]]

 [[1683  321]]

 [[1679  322]]

 [[1677  341]]

 [[1679  344]]

 [[1682  345]]

 [[1681  366]]

 [[1679  371]]

 [[1677  372]]

 [[1677  381]]

 [[1680  385]]

 [[1689  390]]

 [[1702  389]]

 [[1709  384]]

 [[1716  374]]

 [[1717  339]]

 [[1708  318]]]","[1696, 352]",2477.0,294.5303210463734
56,"[[[1663  283]]

 [[1656  283]]

 [[1651  285]]

 [[1647  289]]

 [[1645  295]]

 [[1642  298]]

 [[1643  313]]

 [[1647  317]]

 [[1645  319]]

 [[1647  323]]

 [[1650  323]]

 [[1647  320]]

 [[1648  318]]

 [[1657  315]]

 [[1662  293]]

 [[1665  290]]

 [[1669  289]]

 [[1669  287]]]","[1652, 299]",563.5,67.00356718192627
57,"[[[1613  267]]

 [[1599  267]]

 [[1583  282]]

 [[1571  297]]

 [[1571  312]]

 [[1578  324]]

 [[1585  325]]

 [[1590  328]]

 [[1595  328]]

 [[1601  320]]

 [[1610  312]]

 [[1622  280]]

 [[1622  276]]]","[1595, 296]",2062.5,245.243757431629
58,"[[[1686  251]]

 [[1677  259]]

 [[1675  267]]

 [[1676  280]]

 [[1683  289]]

 [[1691  290]]

 [[1698  294]]

 [[1706  293]]

 [[1711  285]]

 [[1712  268]]

 [[1710  261]]

 [[1704  255]]

 [[1699  254]]

 [[1695  251]]]","[1693, 272]",1255.0,149.2271105826397
59,"[[[1631  234]]

 [[1625  242]]

 [[1625  249]]

 [[1631  259]]

 [[1647  272]]

 [[1663  273]]

 [[1670  252]]

 [[1669  241]]

 [[1667  237]]

 [[1662  232]]

 [[1652  228]]

 [[1642  229]]]","[1648, 249]",1513.0,179.90487514863258
60,"[[[1577  211]]

 [[1570  225]]

 [[1570  231]]

 [[1578  240]]

 [[1579  248]]

 [[1583  249]]

 [[1597  258]]

 [[1604  257]]

 [[1609  252]]

 [[1612  254]]

 [[1610  251]]

 [[1614  247]]

 [[1617  238]]

 [[1617  229]]

 [[1611  217]]

 [[1602  210]]

 [[1592  207]]

 [[1583  207]]

 [[1582  209]]]","[1594, 231]",1732.0,205.94530321046372
61,"[[[1538  187]]

 [[1533  193]]

 [[1532  198]]

 [[1527  207]]

 [[1526  213]]

 [[1524  214]]

 [[1527  225]]

 [[1532  230]]

 [[1538  233]]

 [[1558  233]]

 [[1563  225]]

 [[1563  221]]

 [[1568  210]]

 [[1566  198]]

 [[1557  189]]

 [[1551  186]]]","[1546, 210]",1573.5,187.0986920332937
62,"[[[1946  572]]

 [[1942  571]]

 [[1938  575]]

 [[1935  575]]

 [[1931  571]]

 [[1923  572]]

 [[1920  569]]

 [[1918  569]]

 [[1915  588]]

 [[1905  602]]

 [[1905  608]]

 [[1909  616]]

 [[1909  621]]

 [[1911  621]]

 [[1911  617]]

 [[1919  617]]

 [[1923  613]]

 [[1926  613]]

 [[1947  591]]

 [[1950  579]]]","[1926, 592]",1318.0,156.718192627824
63,"[[[1864  561]]

 [[1849  559]]

 [[1843  561]]

 [[1838  565]]

 [[1831  563]]

 [[1829  565]]

 [[1829  569]]

 [[1822  575]]

 [[1822  577]]

 [[1800  598]]

 [[1794  612]]

 [[1794  626]]

 [[1796  628]]

 [[1797  633]]

 [[1800  635]]

 [[1802  642]]

 [[1807  648]]

 [[1811  650]]

 [[1819  650]]

 [[1823  648]]

 [[1829  640]]

 [[1831  629]]

 [[1847  612]]

 [[1860  613]]

 [[1869  609]]

 [[1870  601]]

 [[1864  597]]

 [[1864  594]]

 [[1868  590]]

 [[1871  583]]

 [[1871  571]]

 [[1869  565]]]","[1831, 601]",4180.5,497.0868014268728
64,"[[[1773  463]]

 [[1762  463]]

 [[1750  480]]

 [[1750  501]]

 [[1747  511]]

 [[1747  519]]

 [[1749  525]]

 [[1754  528]]

 [[1762  529]]

 [[1765  526]]

 [[1767  526]]

 [[1771  520]]

 [[1770  479]]

 [[1774  475]]]","[1760, 497]",1301.5,154.756242568371
65,"[[[1953  436]]

 [[1941  438]]

 [[1935  442]]

 [[1928  458]]

 [[1929  463]]

 [[1935  471]]

 [[1935  473]]

 [[1944  478]]

 [[1959  473]]

 [[1964  468]]

 [[1966  463]]

 [[1966  445]]

 [[1962  440]]]","[1948, 456]",1212.0,144.1141498216409
66,"[[[1851  390]]

 [[1845  390]]

 [[1833  399]]

 [[1816  427]]

 [[1815  436]]

 [[1817  439]]

 [[1817  444]]

 [[1823  458]]

 [[1825  459]]

 [[1828  457]]

 [[1833  448]]

 [[1842  427]]

 [[1846  422]]

 [[1851  419]]

 [[1852  409]]

 [[1858  402]]

 [[1855  393]]]","[1834, 421]",1434.5,170.57074910820452
67,"[[[1939  359]]

 [[1937  361]]

 [[1937  365]]

 [[1933  367]]

 [[1933  372]]

 [[1929  380]]

 [[1929  385]]

 [[1934  393]]

 [[1939  394]]

 [[1942  398]]

 [[1945  398]]

 [[1945  396]]

 [[1948  394]]

 [[1951  398]]

 [[1958  398]]

 [[1960  400]]

 [[1963  397]]

 [[1969  380]]

 [[1969  377]]

 [[1967  376]]

 [[1968  369]]

 [[1966  364]]

 [[1957  358]]]","[1949, 378]",1274.5,151.54577883472058
68,"[[[1892  331]]

 [[1884  335]]

 [[1880  339]]

 [[1875  352]]

 [[1871  356]]

 [[1873  358]]

 [[1877  358]]

 [[1879  362]]

 [[1880  373]]

 [[1883  373]]

 [[1894  379]]

 [[1904  382]]

 [[1910  382]]

 [[1918  378]]

 [[1922  372]]

 [[1923  365]]

 [[1926  359]]

 [[1924  350]]

 [[1918  341]]

 [[1909  335]]]","[1900, 356]",1939.5,230.61831153388823
69,"[[[1834  308]]

 [[1829  313]]

 [[1823  324]]

 [[1822  334]]

 [[1824  335]]

 [[1824  329]]

 [[1828  327]]

 [[1829  334]]

 [[1834  339]]

 [[1834  344]]

 [[1843  351]]

 [[1843  353]]

 [[1850  355]]

 [[1865  355]]

 [[1873  335]]

 [[1872  322]]

 [[1863  311]]

 [[1853  306]]

 [[1842  305]]]","[1849, 329]",1817.5,216.1117717003567
70,"[[[1779  287]]

 [[1768  297]]

 [[1767  302]]

 [[1765  303]]

 [[1761  311]]

 [[1761  316]]

 [[1763  317]]

 [[1764  321]]

 [[1766  321]]

 [[1769  325]]

 [[1776  327]]

 [[1786  326]]

 [[1793  332]]

 [[1793  337]]

 [[1790  338]]

 [[1788  336]]

 [[1787  339]]

 [[1792  342]]

 [[1795  342]]

 [[1796  336]]

 [[1798  334]]

 [[1807  334]]

 [[1814  331]]

 [[1818  318]]

 [[1819  308]]

 [[1816  302]]

 [[1804  292]]

 [[1790  287]]]","[1791, 311]",2037.5,242.27110582639713
71,"[[[1727  269]]

 [[1720  276]]

 [[1720  290]]

 [[1718  293]]

 [[1722  301]]

 [[1726  305]]

 [[1728  305]]

 [[1735  313]]

 [[1745  315]]

 [[1754  314]]

 [[1754  309]]

 [[1761  293]]

 [[1761  286]]

 [[1759  281]]

 [[1750  271]]

 [[1744  268]]

 [[1732  267]]]","[1739, 290]",1542.0,183.35315101070154
72,"[[[2168  698]]

 [[2167  704]]

 [[2171  716]]

 [[2175  723]]

 [[2182  729]]

 [[2212  732]]

 [[2225  720]]

 [[2229  714]]

 [[2229  711]]

 [[2236  696]]

 [[2235  685]]

 [[2230  685]]

 [[2224  678]]

 [[2222  678]]

 [[2219  682]]

 [[2216  683]]

 [[2212  682]]

 [[2209  678]]

 [[2199  678]]

 [[2189  685]]

 [[2182  687]]

 [[2176  696]]]","[2202, 704]",2704.5,321.5814506539833
73,"[[[2151  624]]

 [[2149  625]]

 [[2149  634]]

 [[2145  638]]

 [[2138  637]]

 [[2136  639]]

 [[2134  645]]

 [[2134  656]]

 [[2129  660]]

 [[2119  662]]

 [[2111  669]]

 [[2102  680]]

 [[2100  685]]

 [[2100  694]]

 [[2103  704]]

 [[2121  712]]

 [[2133  712]]

 [[2139  710]]

 [[2142  707]]

 [[2145  699]]

 [[2145  692]]

 [[2143  686]]

 [[2147  677]]

 [[2150  657]]

 [[2152  654]]

 [[2160  655]]

 [[2164  659]]

 [[2166  657]]

 [[2160  638]]]","[2131, 675]",2686.5,319.4411414982164
74,"[[[2146  510]]

 [[2136  515]]

 [[2136  523]]

 [[2129  537]]

 [[2129  550]]

 [[2127  553]]

 [[2125  576]]

 [[2128  580]]

 [[2137  584]]

 [[2146  582]]

 [[2150  579]]

 [[2158  564]]

 [[2158  558]]

 [[2162  548]]

 [[2158  538]]

 [[2150  530]]

 [[2147  524]]

 [[2148  512]]]","[2142, 551]",1729.0,205.5885850178359
75,"[[[2016  474]]

 [[2011  474]]

 [[2008  471]]

 [[2002  473]]

 [[1993  491]]

 [[1993  498]]

 [[1997  504]]

 [[2008  500]]

 [[2017  492]]

 [[2019  486]]

 [[2018  476]]]","[2005, 487]",579.5,68.90606420927467
76,"[[[2206  468]]

 [[2196  465]]

 [[2187  467]]

 [[2182  472]]

 [[2180  472]]

 [[2177  478]]

 [[2175  479]]

 [[2175  482]]

 [[2170  490]]

 [[2170  497]]

 [[2175  506]]

 [[2181  512]]

 [[2185  513]]

 [[2191  510]]

 [[2203  510]]

 [[2213  494]]

 [[2214  481]]

 [[2210  472]]]","[2192, 489]",1559.5,185.43400713436384
77,"[[[2130  438]]

 [[2124  443]]

 [[2122  447]]

 [[2122  451]]

 [[2119  456]]

 [[2118  463]]

 [[2116  465]]

 [[2116  470]]

 [[2118  474]]

 [[2122  478]]

 [[2124  478]]

 [[2125  476]]

 [[2131  478]]

 [[2138  485]]

 [[2140  490]]

 [[2158  489]]

 [[2159  486]]

 [[2163  484]]

 [[2167  479]]

 [[2172  469]]

 [[2172  457]]

 [[2164  447]]

 [[2152  440]]

 [[2145  439]]

 [[2142  437]]]","[2144, 463]",2163.5,257.25326991676576
78,"[[[2079  423]]

 [[2074  432]]

 [[2073  437]]

 [[2075  444]]

 [[2079  448]]

 [[2086  450]]

 [[2101  460]]

 [[2109  460]]

 [[2110  456]]

 [[2114  452]]

 [[2117  441]]

 [[2116  438]]

 [[2112  436]]

 [[2102  425]]

 [[2094  420]]

 [[2090  419]]]","[2094, 439]",1173.0,139.47681331747918
79,"[[[2039  400]]

 [[2031  405]]

 [[2026  424]]

 [[2026  430]]

 [[2028  433]]

 [[2031  431]]

 [[2036  434]]

 [[2054  431]]

 [[2056  433]]

 [[2057  441]]

 [[2048  441]]

 [[2046  442]]

 [[2046  445]]

 [[2051  446]]

 [[2053  444]]

 [[2059  444]]

 [[2062  442]]

 [[2062  440]]

 [[2060  439]]

 [[2060  435]]

 [[2064  432]]

 [[2059  429]]

 [[2059  425]]

 [[2061  423]]

 [[2068  424]]

 [[2069  417]]

 [[2064  408]]

 [[2061  406]]

 [[2057  406]]

 [[2055  402]]

 [[2050  399]]]","[2046, 419]",1196.5,142.27110582639713
80,"[[[1985  378]]

 [[1978  383]]

 [[1977  390]]

 [[1973  394]]

 [[1970  405]]

 [[1975  417]]

 [[1984  420]]

 [[1986  422]]

 [[1985  427]]

 [[1988  426]]

 [[1987  423]]

 [[1989  421]]

 [[1995  421]]

 [[2005  426]]

 [[2003  430]]

 [[2015  430]]

 [[2019  426]]

 [[2017  423]]

 [[2019  420]]

 [[2022  407]]

 [[2020  394]]

 [[2011  386]]

 [[2008  386]]

 [[1996  379]]]","[1997, 403]",1910.5,227.17003567181925
81,"[[[2344  664]]

 [[2340  665]]

 [[2337  668]]

 [[2334  668]]

 [[2325  682]]

 [[2326  692]]

 [[2329  696]]

 [[2334  697]]

 [[2337  700]]

 [[2340  700]]

 [[2347  696]]

 [[2354  678]]

 [[2352  672]]]","[2339, 682]",711.5,84.60166468489894
82,"[[[2298  631]]

 [[2295  631]]

 [[2290  635]]

 [[2289  641]]

 [[2286  646]]

 [[2286  666]]

 [[2287  670]]

 [[2292  675]]

 [[2299  673]]

 [[2301  667]]

 [[2304  665]]

 [[2313  651]]

 [[2311  642]]

 [[2303  639]]]","[2297, 652]",790.0,93.935790725327
83,"[[[2438  583]]

 [[2431  587]]

 [[2427  598]]

 [[2428  605]]

 [[2431  611]]

 [[2440  618]]

 [[2446  621]]

 [[2454  620]]

 [[2457  616]]

 [[2459  606]]

 [[2462  602]]

 [[2462  598]]

 [[2460  597]]

 [[2458  592]]

 [[2452  587]]

 [[2443  583]]]","[2444, 601]",959.0,114.03091557669441
84,"[[[2382  553]]

 [[2374  562]]

 [[2373  571]]

 [[2369  581]]

 [[2372  588]]

 [[2381  596]]

 [[2386  588]]

 [[2390  585]]

 [[2395  586]]

 [[2399  590]]

 [[2399  592]]

 [[2404  594]]

 [[2406  597]]

 [[2416  592]]

 [[2415  585]]

 [[2419  578]]

 [[2418  569]]

 [[2414  562]]

 [[2408  556]]

 [[2402  553]]]","[2394, 573]",1598.5,190.07134363852558
85,"[[[2230  489]]

 [[2221  495]]

 [[2217  505]]

 [[2212  510]]

 [[2211  514]]

 [[2219  529]]

 [[2234  534]]

 [[2242  529]]

 [[2248  520]]

 [[2249  509]]

 [[2246  503]]

 [[2246  497]]

 [[2244  493]]

 [[2240  490]]]","[2231, 511]",1211.5,144.05469678953628
86,"[[[277 802]]

 [[272 807]]

 [[274 817]]

 [[274 823]]

 [[272 824]]

 [[272 849]]

 [[280 867]]

 [[297 882]]

 [[301 884]]

 [[314 883]]

 [[319 887]]

 [[320 890]]

 [[323 892]]

 [[322 903]]

 [[324 909]]

 [[328 913]]

 [[336 917]]

 [[342 918]]

 [[345 921]]

 [[345 923]]

 [[348 926]]

 [[352 927]]

 [[354 930]]

 [[354 932]]

 [[350 934]]

 [[344 941]]

 [[344 953]]

 [[349 958]]

 [[356 961]]

 [[363 961]]

 [[368 963]]

 [[373 962]]

 [[374 964]]

 [[370 966]]

 [[370 970]]

 [[368 972]]

 [[368 979]]

 [[371 985]]

 [[379 990]]

 [[387 988]]

 [[392 981]]

 [[391 973]]

 [[388 968]]

 [[384 967]]

 [[383 965]]

 [[375 964]]

 [[374 962]]

 [[377 960]]

 [[378 956]]

 [[382 952]]

 [[385 952]]

 [[387 954]]

 [[393 954]]

 [[400 950]]

 [[408 942]]

 [[408 939]]

 [[404 931]]

 [[385 916]]

 [[384 907]]

 [[378 900]]

 [[376 894]]

 [[379 886]]

 [[379 879]]

 [[387 871]]

 [[386 858]]

 [[397 852]]

 [[397 849]]

 [[403 840]]

 [[411 833]]

 [[414 827]]

 [[411 818]]

 [[405 815]]

 [[400 815]]

 [[387 824]]

 [[379 824]]

 [[374 826]]

 [[367 840]]

 [[363 844]]

 [[355 843]]

 [[348 847]]

 [[345 852]]

 [[346 865]]

 [[342 868]]

 [[337 868]]

 [[330 865]]

 [[318 865]]

 [[311 862]]

 [[303 863]]

 [[297 857]]

 [[291 840]]

 [[292 819]]

 [[288 807]]

 [[281 801]]]","[351, 888]",9446.0,1123.1866825208085
87,"[[[315 766]]

 [[307 768]]

 [[300 776]]

 [[298 796]]

 [[300 801]]

 [[303 801]]

 [[305 803]]

 [[313 801]]

 [[320 794]]

 [[324 787]]

 [[324 774]]

 [[319 768]]]","[310, 784]",729.5,86.74197384066588
88,"[[[645 735]]

 [[641 741]]

 [[641 745]]

 [[650 764]]

 [[659 770]]

 [[671 770]]

 [[675 765]]

 [[675 748]]

 [[673 742]]

 [[660 731]]

 [[652 731]]]","[659, 750]",1008.0,119.85731272294888
89,"[[[216 716]]

 [[208 718]]

 [[203 725]]

 [[203 731]]

 [[205 736]]

 [[204 748]]

 [[208 755]]

 [[200 763]]

 [[200 769]]

 [[203 773]]

 [[211 772]]

 [[216 768]]

 [[220 768]]

 [[226 765]]

 [[229 759]]

 [[227 744]]

 [[224 737]]

 [[225 724]]

 [[220 718]]]","[214, 745]",1148.5,136.56361474435195
90,"[[[255 353]]

 [[250 356]]

 [[239 369]]

 [[225 382]]

 [[223 392]]

 [[220 394]]

 [[217 403]]

 [[216 430]]

 [[218 430]]

 [[234 414]]

 [[240 411]]

 [[259 410]]

 [[265 412]]

 [[269 416]]

 [[271 424]]

 [[279 428]]

 [[279 434]]

 [[284 433]]

 [[290 442]]

 [[290 445]]

 [[299 449]]

 [[304 441]]

 [[305 431]]

 [[310 421]]

 [[310 407]]

 [[308 397]]

 [[304 390]]

 [[294 382]]

 [[293 379]]

 [[276 360]]

 [[274 356]]

 [[268 353]]]","[266, 397]",4949.0,588.4661117717004
91,"[[[979 935]]

 [[977 929]]

 [[972 925]]

 [[963 925]]

 [[958 927]]

 [[949 937]]

 [[941 937]]

 [[931 932]]

 [[924 931]]

 [[920 933]]

 [[916 938]]

 [[916 947]]

 [[919 952]]

 [[926 959]]

 [[929 960]]

 [[939 960]]

 [[948 957]]

 [[971 955]]

 [[979 947]]]","[948, 943]",1564.5,186.02853745541023
92,"[[[934 790]]

 [[930 790]]

 [[930 794]]

 [[923 793]]

 [[919 795]]

 [[903 812]]

 [[900 819]]

 [[902 836]]

 [[906 843]]

 [[910 846]]

 [[924 846]]

 [[933 841]]

 [[938 836]]

 [[938 833]]

 [[944 820]]

 [[944 805]]

 [[943 802]]

 [[939 804]]

 [[934 804]]

 [[931 801]]

 [[931 795]]

 [[936 794]]]","[922, 820]",1730.5,205.76694411414982
93,"[[[926 673]]

 [[923 673]]

 [[923 675]]

 [[917 679]]

 [[910 680]]

 [[905 683]]

 [[899 692]]

 [[899 696]]

 [[895 701]]

 [[894 739]]

 [[901 745]]

 [[913 750]]

 [[919 750]]

 [[928 740]]

 [[943 716]]

 [[942 704]]

 [[927 678]]]","[916, 713]",2654.5,315.63614744351963
94,"[[[1015  701]]

 [[1012  699]]

 [[1004  700]]

 [[ 987  712]]

 [[ 981  721]]

 [[ 962  717]]

 [[ 955  717]]

 [[ 951  719]]

 [[ 943  730]]

 [[ 943  732]]

 [[ 936  740]]

 [[ 931  757]]

 [[ 931  769]]

 [[ 936  777]]

 [[ 952  781]]

 [[ 963  773]]

 [[ 963  765]]

 [[ 959  759]]

 [[ 960  751]]

 [[ 956  747]]

 [[ 956  742]]

 [[ 958  737]]

 [[ 969  725]]

 [[ 979  723]]

 [[ 984  727]]

 [[ 984  732]]

 [[ 982  735]]

 [[ 975  739]]

 [[ 967  756]]

 [[ 967  761]]

 [[ 969  761]]

 [[ 976  754]]

 [[ 988  753]]

 [[ 990  748]]

 [[ 990  737]]

 [[ 987  730]]

 [[ 988  723]]

 [[ 997  723]]

 [[1001  725]]

 [[1009  733]]

 [[1009  739]]

 [[1011  740]]

 [[1013  747]]

 [[1015  747]]

 [[1018  737]]

 [[1017  705]]]","[970, 739]",2814.0,334.60166468489894
95,"[[[1660  952]]

 [[1651  953]]

 [[1647  956]]

 [[1647  960]]

 [[1645  962]]

 [[1645  977]]

 [[1647  982]]

 [[1654  988]]

 [[1662  984]]

 [[1669  976]]

 [[1669  970]]

 [[1663  965]]

 [[1665  958]]]","[1655, 969]",632.5,75.20808561236623
96,"[[[1691  903]]

 [[1679  911]]

 [[1671  921]]

 [[1669  928]]

 [[1671  952]]

 [[1676  962]]

 [[1688  970]]

 [[1696  971]]

 [[1706  964]]

 [[1710  965]]

 [[1711  968]]

 [[1714  969]]

 [[1724  957]]

 [[1730  940]]

 [[1730  935]]

 [[1726  922]]

 [[1719  913]]

 [[1704  903]]]","[1698, 936]",3190.5,379.36979785969083
97,"[[[1483  901]]

 [[1483  919]]

 [[1485  923]]

 [[1491  924]]

 [[1491  928]]

 [[1499  928]]

 [[1501  926]]

 [[1504  926]]

 [[1506  928]]

 [[1517  917]]

 [[1529  912]]

 [[1531  918]]

 [[1527  924]]

 [[1529  928]]

 [[1532  930]]

 [[1542  929]]

 [[1548  935]]

 [[1551  935]]

 [[1558  929]]

 [[1563  931]]

 [[1567  929]]

 [[1566  920]]

 [[1562  915]]

 [[1554  914]]

 [[1546  918]]

 [[1543  915]]

 [[1542  909]]

 [[1535  903]]

 [[1528  903]]

 [[1526  901]]

 [[1523  878]]

 [[1520  874]]

 [[1514  871]]

 [[1508  871]]

 [[1498  878]]

 [[1487  892]]

 [[1487  895]]]","[1516, 906]",2589.0,307.8478002378121
98,"[[[1635  861]]

 [[1632  866]]

 [[1633  878]]

 [[1637  884]]

 [[1643  901]]

 [[1651  909]]

 [[1654  910]]

 [[1668  910]]

 [[1675  905]]

 [[1678  901]]

 [[1675  896]]

 [[1675  892]]

 [[1666  891]]

 [[1640  868]]

 [[1639  861]]]","[1652, 890]",1036.0,123.18668252080856
99,"[[[1562  822]]

 [[1556  819]]

 [[1536  819]]

 [[1528  821]]

 [[1523  828]]

 [[1523  837]]

 [[1521  842]]

 [[1511  853]]

 [[1511  856]]

 [[1516  864]]

 [[1523  869]]

 [[1528  870]]

 [[1548  865]]

 [[1558  857]]

 [[1566  848]]

 [[1569  842]]

 [[1567  828]]]","[1540, 843]",2093.5,248.92984542211653
100,"[[[1755  952]]

 [[1757  961]]

 [[1791  974]]

 [[1798  969]]

 [[1798  966]]

 [[1796  965]]

 [[1797  962]]

 [[1793  958]]

 [[1772  949]]

 [[1759  949]]]","[1776, 960]",638.5,75.92152199762188
101,"[[[1751  842]]

 [[1742  841]]

 [[1732  848]]

 [[1731  857]]

 [[1727  863]]

 [[1727  870]]

 [[1725  874]]

 [[1727  878]]

 [[1734  878]]

 [[1738  876]]

 [[1749  861]]

 [[1752  852]]]","[1738, 859]",627.0,74.55410225921521
102,"[[[1864  561]]

 [[1849  559]]

 [[1843  561]]

 [[1838  565]]

 [[1831  563]]

 [[1829  565]]

 [[1829  569]]

 [[1800  598]]

 [[1796  606]]

 [[1794  605]]

 [[1795  593]]

 [[1791  582]]

 [[1784  575]]

 [[1776  571]]

 [[1754  571]]

 [[1748  575]]

 [[1744  582]]

 [[1742  590]]

 [[1742  602]]

 [[1744  604]]

 [[1745  609]]

 [[1750  615]]

 [[1755  629]]

 [[1753  630]]

 [[1751  628]]

 [[1746  627]]

 [[1735  628]]

 [[1731  637]]

 [[1732  648]]

 [[1736  656]]

 [[1745  664]]

 [[1750  665]]

 [[1751  669]]

 [[1749  671]]

 [[1749  676]]

 [[1753  690]]

 [[1756  690]]

 [[1758  693]]

 [[1755  699]]

 [[1757  736]]

 [[1753  751]]

 [[1755  773]]

 [[1750  777]]

 [[1750  779]]

 [[1746  783]]

 [[1746  789]]

 [[1748  793]]

 [[1751  794]]

 [[1756  792]]

 [[1761  792]]

 [[1768  797]]

 [[1769  801]]

 [[1775  806]]

 [[1780  806]]

 [[1784  800]]

 [[1784  785]]

 [[1799  783]]

 [[1807  779]]

 [[1811  770]]

 [[1821  759]]

 [[1831  751]]

 [[1835  745]]

 [[1836  734]]

 [[1835  728]]

 [[1832  726]]

 [[1832  724]]

 [[1825  722]]

 [[1820  726]]

 [[1818  725]]

 [[1818  723]]

 [[1825  719]]

 [[1830  712]]

 [[1829  693]]

 [[1831  684]]

 [[1826  672]]

 [[1817  664]]

 [[1799  657]]

 [[1788  655]]

 [[1778  656]]

 [[1775  663]]

 [[1778  665]]

 [[1779  672]]

 [[1767  691]]

 [[1765  690]]

 [[1765  677]]

 [[1770  672]]

 [[1771  664]]

 [[1768  659]]

 [[1768  655]]

 [[1770  652]]

 [[1768  635]]

 [[1773  633]]

 [[1784  624]]

 [[1792  609]]

 [[1794  608]]

 [[1794  626]]

 [[1796  628]]

 [[1797  633]]

 [[1800  635]]

 [[1804  645]]

 [[1811  650]]

 [[1819  650]]

 [[1823  648]]

 [[1829  640]]

 [[1831  629]]

 [[1847  612]]

 [[1860  613]]

 [[1869  609]]

 [[1870  601]]

 [[1864  597]]

 [[1864  594]]

 [[1868  590]]

 [[1871  583]]

 [[1871  571]]

 [[1869  565]]]","[1793, 670]",17109.5,2034.423305588585
103,"[[[2462  796]]

 [[2458  794]]

 [[2449  794]]

 [[2440  799]]

 [[2424  818]]

 [[2416  832]]

 [[2415  837]]

 [[2420  845]]

 [[2427  849]]

 [[2431  849]]

 [[2433  846]]

 [[2447  837]]

 [[2453  837]]

 [[2457  834]]

 [[2463  834]]

 [[2465  836]]

 [[2467  835]]

 [[2474  821]]

 [[2474  818]]

 [[2471  809]]]","[2445, 821]",1983.0,235.79072532699166
104,"[[[2238  750]]

 [[2232  750]]

 [[2223  753]]

 [[2220  756]]

 [[2218  762]]

 [[2211  773]]

 [[2211  776]]

 [[2220  785]]

 [[2241  784]]

 [[2246  779]]

 [[2250  767]]

 [[2246  761]]

 [[2246  758]]]","[2231, 768]",993.0,118.07372175980974
105,"[[[1802  685]]

 [[1791  683]]

 [[1783  694]]

 [[1767  710]]

 [[1768  719]]

 [[1773  719]]

 [[1774  736]]

 [[1769  741]]

 [[1769  743]]

 [[1775  745]]

 [[1779  751]]

 [[1779  754]]

 [[1795  753]]

 [[1800  751]]

 [[1801  747]]

 [[1798  742]]

 [[1798  738]]

 [[1801  737]]

 [[1806  739]]

 [[1804  732]]

 [[1798  732]]

 [[1796  729]]

 [[1800  715]]

 [[1795  711]]

 [[1795  709]]

 [[1800  709]]

 [[1802  707]]

 [[1802  702]]

 [[1805  697]]

 [[1805  691]]]","[1787, 719]",1765.0,209.8692033293698
106,"[[[ 308 1211]]

 [[ 305 1211]]

 [[ 304 1213]]

 [[ 297 1215]]

 [[ 291 1210]]

 [[ 286 1199]]

 [[ 275 1199]]

 [[ 270 1203]]

 [[ 266 1209]]

 [[ 259 1225]]

 [[ 261 1237]]

 [[ 265 1241]]

 [[ 273 1244]]

 [[ 292 1239]]

 [[ 301 1233]]

 [[ 304 1229]]

 [[ 304 1226]]

 [[ 306 1225]]

 [[ 306 1217]]

 [[ 304 1213]]]","[280, 1222]",1455.0,173.00832342449465
107,"[[[ 165 1176]]

 [[ 162 1181]]

 [[ 161 1191]]

 [[ 163 1192]]

 [[ 165 1185]]

 [[ 168 1184]]

 [[ 168 1192]]

 [[ 171 1201]]

 [[ 177 1202]]

 [[ 184 1210]]

 [[ 192 1206]]

 [[ 199 1209]]

 [[ 208 1201]]

 [[ 208 1193]]

 [[ 203 1189]]

 [[ 202 1183]]

 [[ 194 1175]]

 [[ 187 1172]]

 [[ 178 1172]]

 [[ 176 1169]]

 [[ 176 1173]]]","[185, 1189]",1198.0,142.44946492271106
108,"[[[  31 1183]]

 [[  33 1191]]

 [[  37 1191]]

 [[  38 1193]]

 [[  45 1194]]

 [[  56 1199]]

 [[  75 1200]]

 [[  83 1203]]

 [[  88 1203]]

 [[  91 1200]]

 [[  93 1200]]

 [[  96 1196]]

 [[  96 1179]]

 [[  93 1173]]

 [[  91 1173]]

 [[  92 1195]]

 [[  88 1199]]

 [[  85 1199]]

 [[  80 1194]]

 [[  71 1194]]

 [[  63 1196]]

 [[  62 1194]]

 [[  51 1193]]

 [[  50 1190]]

 [[  38 1189]]

 [[  37 1183]]

 [[  42 1177]]

 [[  44 1171]]

 [[  43 1166]]

 [[  40 1166]]

 [[  37 1171]]

 [[  36 1177]]]","[63, 1189]",525.5,62.48513674197384
109,"[[[ 243 1164]]

 [[ 237 1171]]

 [[ 234 1172]]

 [[ 231 1178]]

 [[ 226 1183]]

 [[ 219 1198]]

 [[ 220 1208]]

 [[ 225 1218]]

 [[ 228 1221]]

 [[ 232 1222]]

 [[ 251 1217]]

 [[ 263 1200]]

 [[ 260 1198]]

 [[ 261 1194]]

 [[ 265 1192]]

 [[ 262 1182]]

 [[ 257 1173]]

 [[ 247 1170]]

 [[ 243 1166]]]","[241, 1195]",1740.0,206.89655172413794
110,"[[[ 223 1137]]

 [[ 220 1137]]

 [[ 212 1142]]

 [[ 210 1150]]

 [[ 210 1172]]

 [[ 215 1181]]

 [[ 222 1177]]

 [[ 234 1163]]

 [[ 234 1159]]

 [[ 231 1157]]

 [[ 232 1147]]

 [[ 228 1140]]]","[220, 1157]",768.0,91.31985731272295
111,"[[[ 132 1121]]

 [[ 131 1131]]

 [[ 134 1132]]

 [[ 139 1144]]

 [[ 140 1155]]

 [[ 136 1157]]

 [[ 132 1154]]

 [[ 130 1148]]

 [[ 128 1148]]

 [[ 119 1156]]

 [[ 118 1166]]

 [[ 123 1172]]

 [[ 132 1177]]

 [[ 138 1178]]

 [[ 143 1177]]

 [[ 147 1174]]

 [[ 147 1164]]

 [[ 142 1149]]

 [[ 142 1145]]

 [[ 137 1133]]

 [[ 137 1129]]]","[133, 1160]",702.5,83.53151010701546
112,"[[[ 110 1111]]

 [[ 102 1111]]

 [[  98 1114]]

 [[  89 1114]]

 [[  71 1130]]

 [[  71 1139]]

 [[  73 1147]]

 [[  85 1164]]

 [[  91 1164]]

 [[  96 1166]]

 [[ 101 1162]]

 [[ 106 1161]]

 [[ 110 1157]]

 [[ 112 1150]]

 [[ 115 1147]]

 [[ 117 1137]]

 [[ 121 1130]]

 [[ 121 1119]]

 [[ 111 1113]]]","[96, 1137]",1963.0,233.41260404280618
113,"[[[ 163 1101]]

 [[ 152 1103]]

 [[ 148 1107]]

 [[ 143 1119]]

 [[ 143 1125]]

 [[ 145 1128]]

 [[ 145 1133]]

 [[ 155 1160]]

 [[ 159 1164]]

 [[ 164 1160]]

 [[ 164 1153]]

 [[ 169 1152]]

 [[ 171 1148]]

 [[ 171 1139]]

 [[ 169 1133]]

 [[ 169 1128]]

 [[ 171 1125]]

 [[ 171 1116]]]","[158, 1129]",1244.5,147.97859690844234
114,"[[[ 919 1146]]

 [[ 910 1149]]

 [[ 906 1158]]

 [[ 907 1179]]

 [[ 910 1186]]

 [[ 916 1188]]

 [[ 922 1187]]

 [[ 926 1183]]

 [[ 931 1166]]

 [[ 931 1158]]

 [[ 928 1152]]

 [[ 924 1148]]

 [[ 921 1148]]]","[918, 1166]",831.0,98.81093935790726
115,"[[[1062 1178]]

 [[1055 1188]]

 [[1053 1194]]

 [[1060 1205]]

 [[1060 1210]]

 [[1063 1217]]

 [[1067 1218]]

 [[1078 1216]]

 [[1082 1218]]

 [[1086 1217]]

 [[1089 1214]]

 [[1093 1214]]

 [[1093 1209]]

 [[1090 1203]]

 [[1087 1185]]

 [[1085 1184]]

 [[1084 1186]]

 [[1080 1186]]

 [[1078 1178]]

 [[1070 1182]]]","[1073, 1199]",1129.5,134.30439952437575
116,"[[[1209 1161]]

 [[1201 1160]]

 [[1192 1163]]

 [[1185 1156]]

 [[1180 1155]]

 [[1176 1157]]

 [[1168 1174]]

 [[1167 1180]]

 [[1156 1198]]

 [[1156 1201]]

 [[1159 1204]]

 [[1158 1218]]

 [[1163 1229]]

 [[1171 1232]]

 [[1178 1229]]

 [[1182 1222]]

 [[1181 1209]]

 [[1179 1208]]

 [[1176 1202]]

 [[1177 1200]]

 [[1186 1204]]

 [[1197 1214]]

 [[1203 1213]]

 [[1208 1209]]

 [[1210 1205]]

 [[1212 1192]]

 [[1207 1179]]

 [[1213 1172]]

 [[1212 1164]]]","[1184, 1191]",2725.5,324.0784780023781
117,"[[[1163 1117]]

 [[1161 1121]]

 [[1162 1129]]

 [[1174 1143]]

 [[1183 1144]]

 [[1192 1138]]

 [[1194 1132]]

 [[1192 1122]]

 [[1178 1115]]

 [[1170 1114]]]","[1177, 1128]",712.0,84.66111771700356
118,"[[[1410 1160]]

 [[1404 1164]]

 [[1402 1171]]

 [[1394 1178]]

 [[1391 1184]]

 [[1394 1185]]

 [[1394 1188]]

 [[1397 1191]]

 [[1401 1189]]

 [[1405 1190]]

 [[1409 1194]]

 [[1409 1198]]

 [[1412 1198]]

 [[1414 1193]]

 [[1414 1184]]

 [[1420 1173]]

 [[1415 1168]]

 [[1414 1162]]]","[1406, 1178]",556.5,66.17122473246135
119,"[[[1442 1071]]

 [[1438 1071]]

 [[1434 1074]]

 [[1433 1078]]

 [[1429 1082]]

 [[1432 1092]]

 [[1426 1104]]

 [[1437 1113]]

 [[1436 1121]]

 [[1431 1127]]

 [[1427 1127]]

 [[1422 1124]]

 [[1420 1125]]

 [[1420 1134]]

 [[1429 1142]]

 [[1432 1142]]

 [[1439 1134]]

 [[1443 1134]]

 [[1448 1140]]

 [[1451 1140]]

 [[1468 1111]]

 [[1470 1110]]

 [[1473 1100]]

 [[1470 1083]]

 [[1454 1076]]

 [[1445 1075]]]","[1447, 1105]",2274.5,270.45184304399527
120,"[[[1448 1002]]

 [[1438 1014]]

 [[1437 1035]]

 [[1439 1048]]

 [[1446 1059]]

 [[1454 1060]]

 [[1459 1068]]

 [[1472 1068]]

 [[1478 1064]]

 [[1484 1052]]

 [[1485 1040]]

 [[1481 1028]]

 [[1472 1012]]

 [[1462 1003]]

 [[1452 1001]]]","[1460, 1035]",2406.0,286.08799048751484
121,"[[[1471  914]]

 [[1463  915]]

 [[1458  921]]

 [[1449  926]]

 [[1440  964]]

 [[1440  974]]

 [[1443  980]]

 [[1453  989]]

 [[1455  993]]

 [[1462  994]]

 [[1465  997]]

 [[1470  997]]

 [[1476  992]]

 [[1478  988]]

 [[1480  975]]

 [[1481  933]]

 [[1476  919]]]","[1462, 956]",2613.0,310.7015457788347
122,"[[[1667 1110]]

 [[1654 1110]]

 [[1648 1113]]

 [[1640 1107]]

 [[1631 1107]]

 [[1615 1111]]

 [[1599 1124]]

 [[1599 1129]]

 [[1596 1135]]

 [[1597 1160]]

 [[1604 1165]]

 [[1608 1173]]

 [[1612 1173]]

 [[1617 1177]]

 [[1619 1184]]

 [[1627 1188]]

 [[1636 1185]]

 [[1644 1173]]

 [[1654 1163]]

 [[1656 1163]]

 [[1656 1152]]

 [[1660 1148]]

 [[1672 1148]]

 [[1673 1130]]

 [[1670 1124]]]","[1632, 1142]",4314.5,513.0202140309156
123,"[[[1685 1050]]

 [[1669 1049]]

 [[1668 1052]]

 [[1664 1052]]

 [[1634 1082]]

 [[1630 1089]]

 [[1630 1095]]

 [[1634 1094]]

 [[1634 1092]]

 [[1632 1092]]

 [[1631 1089]]

 [[1633 1086]]

 [[1635 1086]]

 [[1642 1091]]

 [[1646 1099]]

 [[1660 1099]]

 [[1662 1091]]

 [[1667 1089]]

 [[1675 1082]]

 [[1680 1073]]

 [[1682 1065]]

 [[1679 1062]]

 [[1672 1066]]

 [[1669 1062]]

 [[1668 1052]]

 [[1678 1052]]

 [[1681 1055]]

 [[1684 1055]]

 [[1686 1053]]]","[1658, 1076]",1297.5,154.28061831153389
124,"[[[1653 1031]]

 [[1646 1028]]

 [[1631 1030]]

 [[1615 1044]]

 [[1612 1055]]

 [[1615 1058]]

 [[1620 1057]]

 [[1623 1060]]

 [[1623 1063]]

 [[1617 1067]]

 [[1611 1066]]

 [[1610 1064]]

 [[1612 1061]]

 [[1609 1059]]

 [[1607 1060]]

 [[1608 1068]]

 [[1611 1069]]

 [[1611 1072]]

 [[1615 1076]]

 [[1623 1080]]

 [[1626 1080]]

 [[1656 1050]]

 [[1657 1041]]]","[1633, 1051]",1503.5,178.77526753864447
125,"[[[1701  981]]

 [[1690  981]]

 [[1676  984]]

 [[1672  991]]

 [[1666  995]]

 [[1662 1002]]

 [[1660 1016]]

 [[1665 1018]]

 [[1665 1027]]

 [[1674 1033]]

 [[1682 1032]]

 [[1683 1036]]

 [[1686 1038]]

 [[1696 1037]]

 [[1702 1032]]

 [[1708 1020]]

 [[1707  998]]

 [[1703 1001]]

 [[1700 1009]]

 [[1697 1009]]

 [[1696 1007]]

 [[1690 1004]]

 [[1686 1004]]

 [[1683 1006]]

 [[1678 1006]]

 [[1674 1010]]

 [[1666 1013]]

 [[1666 1004]]

 [[1669 1001]]

 [[1673 1000]]

 [[1677  995]]

 [[1681  995]]

 [[1682  992]]

 [[1697  992]]

 [[1698  990]]

 [[1704  990]]

 [[1707  993]]

 [[1707  986]]

 [[1705  983]]]","[1685, 1011]",1618.5,192.44946492271106
126,"[[[1934 1067]]

 [[1932 1075]]

 [[1925 1076]]

 [[1927 1080]]

 [[1926 1088]]

 [[1918 1095]]

 [[1913 1095]]

 [[1908 1099]]

 [[1904 1100]]

 [[1902 1104]]

 [[1904 1108]]

 [[1909 1107]]

 [[1918 1112]]

 [[1924 1118]]

 [[1933 1118]]

 [[1939 1120]]

 [[1944 1116]]

 [[1944 1108]]

 [[1950 1099]]

 [[1953 1097]]

 [[1961 1098]]

 [[1963 1096]]

 [[1965 1085]]

 [[1961 1075]]

 [[1958 1072]]

 [[1950 1075]]

 [[1946 1073]]

 [[1941 1067]]]","[1936, 1094]",1725.0,205.11296076099882
127,"[[[2198 1143]]

 [[2188 1143]]

 [[2187 1150]]

 [[2178 1158]]

 [[2174 1157]]

 [[2172 1149]]

 [[2174 1148]]

 [[2173 1146]]

 [[2171 1150]]

 [[2161 1155]]

 [[2156 1155]]

 [[2153 1164]]

 [[2150 1167]]

 [[2148 1177]]

 [[2145 1181]]

 [[2145 1191]]

 [[2149 1194]]

 [[2149 1198]]

 [[2153 1200]]

 [[2155 1203]]

 [[2155 1221]]

 [[2161 1222]]

 [[2166 1225]]

 [[2174 1225]]

 [[2178 1221]]

 [[2189 1220]]

 [[2201 1209]]

 [[2204 1198]]

 [[2209 1188]]

 [[2213 1166]]

 [[2208 1154]]]","[2179, 1183]",3905.0,464.3281807372176
128,"[[[2059 1089]]

 [[2053 1090]]

 [[2047 1095]]

 [[2035 1096]]

 [[2034 1098]]

 [[2032 1098]]

 [[2030 1101]]

 [[2032 1109]]

 [[2037 1111]]

 [[2040 1116]]

 [[2043 1116]]

 [[2045 1118]]

 [[2053 1116]]

 [[2057 1101]]

 [[2060 1100]]

 [[2061 1091]]]","[2046, 1103]",539.5,64.14982164090368
129,"[[[2397 1175]]

 [[2391 1187]]

 [[2391 1190]]

 [[2395 1197]]

 [[2401 1199]]

 [[2401 1211]]

 [[2403 1217]]

 [[2410 1217]]

 [[2413 1212]]

 [[2411 1201]]

 [[2413 1198]]

 [[2417 1197]]

 [[2421 1193]]

 [[2422 1183]]

 [[2417 1179]]

 [[2407 1175]]]","[2406, 1192]",785.5,93.40071343638526
130,"[[[2335 1168]]

 [[2332 1171]]

 [[2331 1176]]

 [[2332 1182]]

 [[2335 1186]]

 [[2335 1192]]

 [[2333 1196]]

 [[2346 1198]]

 [[2350 1202]]

 [[2350 1191]]

 [[2359 1179]]

 [[2356 1178]]

 [[2353 1172]]

 [[2346 1167]]]","[2343, 1181]",597.5,71.04637336504162
131,"[[[2385 1161]]

 [[2372 1161]]

 [[2369 1163]]

 [[2369 1166]]

 [[2366 1171]]

 [[2369 1181]]

 [[2366 1182]]

 [[2358 1190]]

 [[2358 1200]]

 [[2356 1202]]

 [[2357 1206]]

 [[2360 1206]]

 [[2359 1195]]

 [[2362 1192]]

 [[2376 1194]]

 [[2379 1201]]

 [[2381 1201]]

 [[2384 1198]]

 [[2384 1191]]

 [[2380 1188]]

 [[2380 1184]]

 [[2382 1182]]

 [[2385 1182]]

 [[2391 1173]]

 [[2391 1169]]]","[2375, 1179]",735.0,87.39595719381688
132,"[[[2463 1142]]

 [[2459 1154]]

 [[2458 1169]]

 [[2461 1176]]

 [[2474 1179]]

 [[2486 1172]]

 [[2486 1161]]

 [[2483 1151]]

 [[2468 1141]]]","[2471, 1161]",812.0,96.55172413793103
133,"[[[2444 1104]]

 [[2439 1107]]

 [[2439 1113]]

 [[2441 1116]]

 [[2446 1116]]

 [[2447 1119]]

 [[2442 1120]]

 [[2438 1123]]

 [[2436 1139]]

 [[2441 1147]]

 [[2453 1150]]

 [[2456 1147]]

 [[2459 1138]]

 [[2462 1134]]

 [[2462 1127]]

 [[2459 1122]]

 [[2454 1120]]

 [[2457 1111]]

 [[2454 1108]]]","[2448, 1128]",811.0,96.43281807372176
134,"[[[2404 1098]]

 [[2403 1104]]

 [[2398 1110]]

 [[2399 1115]]

 [[2406 1122]]

 [[2410 1122]]

 [[2413 1126]]

 [[2417 1121]]

 [[2421 1121]]

 [[2423 1123]]

 [[2423 1126]]

 [[2427 1129]]

 [[2427 1131]]

 [[2423 1132]]

 [[2419 1130]]

 [[2418 1134]]

 [[2421 1137]]

 [[2427 1137]]

 [[2428 1131]]

 [[2432 1128]]

 [[2434 1121]]

 [[2432 1111]]

 [[2430 1108]]

 [[2418 1108]]

 [[2409 1099]]]","[2416, 1115]",674.5,80.20214030915577
135,"[[[ 506 1274]]

 [[ 505 1280]]

 [[ 512 1281]]

 [[ 514 1285]]

 [[ 517 1287]]

 [[ 515 1290]]

 [[ 524 1299]]

 [[ 531 1299]]

 [[ 533 1301]]

 [[ 539 1302]]

 [[ 542 1298]]

 [[ 545 1298]]

 [[ 547 1301]]

 [[ 547 1305]]

 [[ 552 1307]]

 [[ 561 1314]]

 [[ 573 1318]]

 [[ 581 1318]]

 [[ 598 1315]]

 [[ 601 1312]]

 [[ 598 1311]]

 [[ 584 1314]]

 [[ 571 1313]]

 [[ 557 1305]]

 [[ 552 1304]]

 [[ 552 1302]]

 [[ 550 1301]]

 [[ 550 1290]]

 [[ 548 1285]]

 [[ 545 1286]]

 [[ 545 1292]]

 [[ 543 1295]]

 [[ 532 1296]]

 [[ 525 1293]]

 [[ 520 1288]]

 [[ 515 1277]]

 [[ 516 1273]]

 [[ 513 1269]]

 [[ 508 1270]]]","[544, 1297]",599.0,71.22473246135553
136,"[[[ 697 1253]]

 [[ 695 1256]]

 [[ 691 1256]]

 [[ 688 1259]]

 [[ 687 1264]]

 [[ 684 1267]]

 [[ 682 1267]]

 [[ 676 1261]]

 [[ 667 1269]]

 [[ 665 1281]]

 [[ 666 1294]]

 [[ 671 1302]]

 [[ 682 1307]]

 [[ 687 1307]]

 [[ 690 1304]]

 [[ 694 1305]]

 [[ 695 1301]]

 [[ 691 1297]]

 [[ 691 1292]]

 [[ 695 1287]]

 [[ 700 1288]]

 [[ 702 1291]]

 [[ 701 1300]]

 [[ 704 1300]]

 [[ 713 1292]]

 [[ 710 1288]]

 [[ 713 1282]]

 [[ 712 1276]]

 [[ 699 1256]]

 [[ 699 1254]]]","[687, 1281]",1671.0,198.692033293698
137,"[[[ 583 1250]]

 [[ 567 1261]]

 [[ 564 1268]]

 [[ 559 1273]]

 [[ 557 1283]]

 [[ 559 1286]]

 [[ 559 1290]]

 [[ 567 1297]]

 [[ 578 1301]]

 [[ 596 1301]]

 [[ 607 1294]]

 [[ 611 1286]]

 [[ 613 1273]]

 [[ 610 1272]]

 [[ 610 1263]]

 [[ 606 1254]]

 [[ 597 1250]]]","[586, 1276]",2206.0,262.3067776456599
138,"[[[ 536 1238]]

 [[ 529 1243]]

 [[ 527 1250]]

 [[ 523 1255]]

 [[ 523 1270]]

 [[ 524 1272]]

 [[ 530 1270]]

 [[ 536 1280]]

 [[ 547 1281]]

 [[ 551 1273]]

 [[ 549 1247]]

 [[ 545 1241]]

 [[ 540 1238]]]","[537, 1259]",908.5,108.02615933412604
139,"[[[ 348 1211]]

 [[ 341 1211]]

 [[ 327 1216]]

 [[ 319 1227]]

 [[ 319 1234]]

 [[ 317 1235]]

 [[ 316 1247]]

 [[ 322 1264]]

 [[ 328 1269]]

 [[ 339 1273]]

 [[ 355 1269]]

 [[ 363 1256]]

 [[ 364 1246]]

 [[ 366 1242]]

 [[ 366 1223]]

 [[ 357 1215]]]","[341, 1241]",2452.0,291.5576694411415
140,"[[[ 429 1192]]

 [[ 424 1194]]

 [[ 419 1199]]

 [[ 418 1204]]

 [[ 413 1207]]

 [[ 408 1213]]

 [[ 405 1234]]

 [[ 403 1239]]

 [[ 403 1248]]

 [[ 407 1253]]

 [[ 409 1253]]

 [[ 422 1264]]

 [[ 427 1266]]

 [[ 433 1266]]

 [[ 450 1247]]

 [[ 455 1248]]

 [[ 457 1242]]

 [[ 467 1237]]

 [[ 471 1237]]

 [[ 472 1227]]

 [[ 469 1221]]

 [[ 468 1213]]

 [[ 456 1199]]

 [[ 446 1194]]

 [[ 436 1195]]

 [[ 432 1192]]]","[435, 1227]",3461.5,411.59334126040426
141,"[[[ 790 1322]]

 [[ 789 1331]]

 [[ 794 1338]]

 [[ 801 1340]]

 [[ 808 1345]]

 [[ 820 1344]]

 [[ 822 1347]]

 [[ 825 1345]]

 [[ 829 1345]]

 [[ 831 1347]]

 [[ 832 1359]]

 [[ 838 1366]]

 [[ 838 1368]]

 [[ 847 1377]]

 [[ 857 1381]]

 [[ 868 1383]]

 [[ 872 1380]]

 [[ 876 1380]]

 [[ 880 1376]]

 [[ 880 1372]]

 [[ 871 1378]]

 [[ 851 1373]]

 [[ 845 1369]]

 [[ 836 1358]]

 [[ 834 1348]]

 [[ 834 1337]]

 [[ 830 1338]]

 [[ 827 1341]]

 [[ 812 1341]]

 [[ 808 1338]]

 [[ 803 1337]]

 [[ 801 1334]]

 [[ 796 1333]]

 [[ 793 1322]]]","[831, 1355]",577.5,68.66825208085612
142,"[[[ 971 1321]]

 [[ 964 1318]]

 [[ 951 1317]]

 [[ 944 1319]]

 [[ 939 1323]]

 [[ 935 1333]]

 [[ 934 1345]]

 [[ 939 1349]]

 [[ 940 1356]]

 [[ 942 1359]]

 [[ 942 1364]]

 [[ 939 1372]]

 [[ 940 1377]]

 [[ 944 1376]]

 [[ 943 1368]]

 [[ 945 1366]]

 [[ 948 1366]]

 [[ 953 1369]]

 [[ 958 1369]]

 [[ 964 1363]]

 [[ 974 1344]]

 [[ 976 1336]]

 [[ 975 1327]]]","[954, 1341]",1659.0,197.2651605231867
143,"[[[ 910 1315]]

 [[ 903 1319]]

 [[ 898 1325]]

 [[ 894 1357]]

 [[ 900 1365]]

 [[ 909 1369]]

 [[ 914 1369]]

 [[ 920 1365]]

 [[ 923 1360]]

 [[ 923 1353]]

 [[ 926 1347]]

 [[ 929 1323]]

 [[ 927 1319]]

 [[ 920 1316]]]","[911, 1341]",1446.0,171.93816884661118
144,"[[[ 853 1309]]

 [[ 850 1312]]

 [[ 849 1319]]

 [[ 844 1332]]

 [[ 844 1342]]

 [[ 847 1351]]

 [[ 857 1351]]

 [[ 860 1353]]

 [[ 865 1353]]

 [[ 869 1351]]

 [[ 874 1351]]

 [[ 877 1353]]

 [[ 885 1352]]

 [[ 887 1350]]

 [[ 891 1326]]

 [[ 890 1320]]

 [[ 888 1319]]

 [[ 886 1321]]

 [[ 883 1321]]

 [[ 874 1313]]

 [[ 859 1308]]]","[866, 1332]",1662.5,197.68133174791913
145,"[[[ 657 1301]]

 [[ 659 1306]]

 [[ 659 1312]]

 [[ 673 1322]]

 [[ 686 1323]]

 [[ 692 1326]]

 [[ 708 1326]]

 [[ 715 1324]]

 [[ 718 1325]]

 [[ 721 1318]]

 [[ 723 1317]]

 [[ 730 1326]]

 [[ 737 1326]]

 [[ 747 1330]]

 [[ 762 1331]]

 [[ 768 1334]]

 [[ 774 1334]]

 [[ 772 1330]]

 [[ 764 1329]]

 [[ 762 1326]]

 [[ 744 1325]]

 [[ 741 1322]]

 [[ 731 1322]]

 [[ 729 1320]]

 [[ 729 1314]]

 [[ 725 1306]]

 [[ 723 1306]]

 [[ 722 1309]]

 [[ 722 1317]]

 [[ 717 1317]]

 [[ 713 1321]]

 [[ 707 1320]]

 [[ 697 1322]]

 [[ 685 1320]]

 [[ 684 1318]]

 [[ 672 1317]]

 [[ 666 1311]]

 [[ 659 1300]]]","[712, 1320]",613.0,72.88941736028538
146,"[[[ 735 1294]]

 [[ 735 1302]]

 [[ 742 1312]]

 [[ 747 1312]]

 [[ 748 1305]]

 [[ 752 1305]]

 [[ 755 1309]]

 [[ 758 1307]]

 [[ 764 1307]]

 [[ 767 1310]]

 [[ 769 1316]]

 [[ 774 1320]]

 [[ 781 1320]]

 [[ 789 1316]]

 [[ 791 1312]]

 [[ 793 1303]]

 [[ 792 1293]]

 [[ 776 1286]]

 [[ 746 1288]]

 [[ 739 1290]]]","[766, 1300]",1362.0,161.9500594530321
147,"[[[ 845 1283]]

 [[ 841 1282]]

 [[ 833 1275]]

 [[ 826 1274]]

 [[ 818 1275]]

 [[ 810 1281]]

 [[ 800 1299]]

 [[ 799 1315]]

 [[ 801 1319]]

 [[ 808 1325]]

 [[ 811 1325]]

 [[ 817 1318]]

 [[ 820 1318]]

 [[ 822 1320]]

 [[ 830 1318]]

 [[ 833 1321]]

 [[ 837 1321]]

 [[ 850 1305]]

 [[ 851 1299]]]","[824, 1299]",1897.0,225.56480380499406
148,"[[[ 722 1243]]

 [[ 717 1253]]

 [[ 717 1264]]

 [[ 719 1265]]

 [[ 719 1268]]

 [[ 727 1278]]

 [[ 726 1281]]

 [[ 729 1282]]

 [[ 727 1280]]

 [[ 728 1278]]

 [[ 735 1278]]

 [[ 742 1272]]

 [[ 746 1265]]

 [[ 746 1260]]

 [[ 741 1256]]

 [[ 736 1246]]]","[730, 1261]",732.0,87.03923900118906
149,"[[[1216 1438]]

 [[1211 1440]]

 [[1207 1444]]

 [[1205 1460]]

 [[1210 1468]]

 [[1222 1469]]

 [[1232 1462]]

 [[1234 1456]]

 [[1231 1447]]

 [[1222 1439]]]","[1218, 1454]",675.5,80.32104637336504
150,"[[[1178 1418]]

 [[1176 1419]]

 [[1170 1434]]

 [[1170 1449]]

 [[1168 1457]]

 [[1171 1470]]

 [[1177 1476]]

 [[1184 1477]]

 [[1192 1468]]

 [[1194 1458]]

 [[1198 1449]]

 [[1198 1442]]

 [[1201 1438]]

 [[1201 1432]]

 [[1188 1421]]]","[1183, 1446]",1362.5,162.00951248513675
151,"[[[1094 1346]]

 [[1086 1347]]

 [[1081 1352]]

 [[1078 1362]]

 [[1067 1384]]

 [[1071 1395]]

 [[1074 1399]]

 [[1078 1416]]

 [[1084 1423]]

 [[1088 1423]]

 [[1095 1418]]

 [[1103 1415]]

 [[1115 1416]]

 [[1118 1413]]

 [[1118 1403]]

 [[1122 1398]]

 [[1121 1388]]

 [[1100 1350]]]","[1094, 1386]",2771.5,329.54815695600473
152,"[[[1064 1341]]

 [[1063 1344]]

 [[1065 1349]]

 [[1061 1354]]

 [[1053 1355]]

 [[1050 1351]]

 [[1048 1351]]

 [[1048 1355]]

 [[1044 1360]]

 [[1041 1368]]

 [[1041 1379]]

 [[1044 1384]]

 [[1058 1384]]

 [[1066 1372]]

 [[1067 1368]]

 [[1065 1363]]

 [[1069 1362]]

 [[1072 1357]]

 [[1070 1347]]]","[1055, 1366]",769.5,91.49821640903686
153,"[[[1018 1320]]

 [[1016 1320]]

 [[1013 1323]]

 [[ 999 1323]]

 [[ 993 1331]]

 [[ 993 1339]]

 [[ 997 1347]]

 [[1013 1356]]

 [[1017 1355]]

 [[1020 1352]]

 [[1026 1340]]

 [[1025 1327]]]","[1010, 1337]",868.0,103.21046373365041
154,"[[[1292 1467]]

 [[1291 1474]]

 [[1293 1480]]

 [[1296 1484]]

 [[1304 1489]]

 [[1322 1493]]

 [[1344 1492]]

 [[1350 1488]]

 [[1352 1484]]

 [[1350 1480]]

 [[1350 1482]]

 [[1340 1491]]

 [[1336 1491]]

 [[1334 1489]]

 [[1334 1484]]

 [[1330 1472]]

 [[1316 1473]]

 [[1311 1470]]

 [[1310 1461]]

 [[1313 1455]]

 [[1308 1455]]

 [[1307 1449]]

 [[1304 1449]]

 [[1302 1451]]

 [[1301 1457]]]","[1313, 1476]",1071.5,127.40784780023782
155,"[[[1270 1403]]

 [[1258 1407]]

 [[1255 1410]]

 [[1252 1417]]

 [[1254 1425]]

 [[1259 1430]]

 [[1264 1432]]

 [[1270 1432]]

 [[1274 1430]]

 [[1280 1421]]

 [[1279 1409]]

 [[1277 1408]]

 [[1277 1406]]]","[1266, 1417]",614.0,73.00832342449465
156,"[[[1952 1355]]

 [[1935 1354]]

 [[1933 1356]]

 [[1937 1364]]

 [[1938 1380]]

 [[1935 1384]]

 [[1932 1398]]

 [[1925 1412]]

 [[1924 1427]]

 [[1926 1430]]

 [[1930 1430]]

 [[1950 1415]]

 [[1950 1409]]

 [[1948 1406]]

 [[1949 1397]]

 [[1947 1394]]

 [[1947 1386]]

 [[1950 1377]]

 [[1955 1372]]

 [[1955 1359]]]","[1940, 1392]",1270.5,151.07015457788347
157,"[[[1850 1165]]

 [[1844 1166]]

 [[1834 1172]]

 [[1813 1195]]

 [[1812 1201]]

 [[1801 1222]]

 [[1803 1230]]

 [[1798 1240]]

 [[1798 1252]]

 [[1801 1258]]

 [[1802 1267]]

 [[1809 1266]]

 [[1817 1268]]

 [[1831 1276]]

 [[1840 1276]]

 [[1846 1270]]

 [[1861 1274]]

 [[1870 1268]]

 [[1872 1265]]

 [[1872 1261]]

 [[1870 1261]]

 [[1867 1258]]

 [[1867 1242]]

 [[1864 1237]]

 [[1864 1231]]

 [[1868 1226]]

 [[1868 1222]]

 [[1865 1221]]

 [[1863 1218]]

 [[1863 1187]]

 [[1861 1185]]

 [[1857 1185]]

 [[1849 1179]]

 [[1849 1174]]

 [[1852 1172]]

 [[1852 1167]]]","[1835, 1227]",5637.5,670.3329369797859
158,"[[[2116 1245]]

 [[2092 1243]]

 [[2077 1258]]

 [[2075 1258]]

 [[2075 1260]]

 [[2072 1263]]

 [[2066 1282]]

 [[2059 1293]]

 [[2059 1301]]

 [[2061 1308]]

 [[2059 1325]]

 [[2063 1323]]

 [[2078 1329]]

 [[2080 1332]]

 [[2079 1337]]

 [[2087 1338]]

 [[2092 1336]]

 [[2089 1330]]

 [[2090 1326]]

 [[2098 1325]]

 [[2111 1316]]

 [[2120 1318]]

 [[2126 1310]]

 [[2126 1306]]

 [[2130 1298]]

 [[2128 1266]]

 [[2124 1250]]]","[2095, 1288]",4780.5,568.4304399524376
159,"[[[2278 1428]]

 [[2274 1425]]

 [[2266 1426]]

 [[2261 1434]]

 [[2256 1435]]

 [[2250 1439]]

 [[2248 1448]]

 [[2251 1453]]

 [[2255 1455]]

 [[2260 1455]]

 [[2265 1452]]

 [[2266 1449]]

 [[2273 1442]]

 [[2276 1442]]

 [[2276 1440]]

 [[2279 1437]]]","[2263, 1440]",546.5,64.98216409036861
160,"[[[2439 1256]]

 [[2430 1259]]

 [[2425 1265]]

 [[2424 1271]]

 [[2426 1282]]

 [[2423 1288]]

 [[2427 1291]]

 [[2438 1291]]

 [[2442 1289]]

 [[2448 1283]]

 [[2453 1274]]

 [[2449 1263]]]","[2437, 1274]",761.0,90.48751486325803
161,"[[[2406 1258]]

 [[2403 1255]]

 [[2401 1255]]

 [[2397 1261]]

 [[2393 1261]]

 [[2388 1256]]

 [[2384 1261]]

 [[2375 1263]]

 [[2367 1271]]

 [[2365 1281]]

 [[2362 1285]]

 [[2354 1284]]

 [[2349 1280]]

 [[2346 1280]]

 [[2343 1282]]

 [[2340 1288]]

 [[2334 1288]]

 [[2331 1292]]

 [[2330 1304]]

 [[2325 1310]]

 [[2321 1312]]

 [[2322 1316]]

 [[2320 1324]]

 [[2316 1327]]

 [[2314 1333]]

 [[2308 1335]]

 [[2303 1340]]

 [[2303 1347]]

 [[2306 1347]]

 [[2309 1343]]

 [[2311 1343]]

 [[2318 1337]]

 [[2321 1324]]

 [[2325 1318]]

 [[2329 1316]]

 [[2336 1316]]

 [[2341 1313]]

 [[2357 1315]]

 [[2363 1312]]

 [[2367 1306]]

 [[2362 1302]]

 [[2362 1299]]

 [[2365 1297]]

 [[2367 1297]]

 [[2370 1302]]

 [[2375 1299]]

 [[2387 1300]]

 [[2388 1288]]

 [[2393 1284]]

 [[2389 1280]]

 [[2389 1277]]

 [[2393 1276]]

 [[2395 1278]]

 [[2403 1279]]

 [[2409 1276]]

 [[2410 1269]]

 [[2406 1269]]

 [[2404 1267]]

 [[2406 1263]]]","[2362, 1291]",2458.0,292.27110582639716
162,"[[[2461 1219]]

 [[2460 1223]]

 [[2463 1224]]

 [[2463 1228]]

 [[2453 1241]]

 [[2449 1254]]

 [[2462 1266]]

 [[2460 1263]]

 [[2463 1260]]

 [[2468 1259]]

 [[2472 1255]]

 [[2474 1251]]

 [[2474 1242]]

 [[2470 1230]]]","[2462, 1245]",617.0,73.36504161712247
163,"[[[1149 1449]]

 [[1149 1454]]

 [[1154 1455]]

 [[1154 1460]]

 [[1149 1471]]

 [[1153 1474]]

 [[1156 1483]]

 [[1162 1487]]

 [[1166 1492]]

 [[1171 1491]]

 [[1174 1494]]

 [[1184 1492]]

 [[1187 1497]]

 [[1187 1501]]

 [[1190 1503]]

 [[1190 1506]]

 [[1195 1509]]

 [[1195 1511]]

 [[1197 1511]]

 [[1206 1519]]

 [[1214 1520]]

 [[1215 1516]]

 [[1213 1514]]

 [[1204 1513]]

 [[1194 1503]]

 [[1188 1500]]

 [[1188 1495]]

 [[1192 1486]]

 [[1191 1483]]

 [[1181 1488]]

 [[1178 1488]]

 [[1175 1492]]

 [[1171 1491]]

 [[1163 1484]]

 [[1154 1472]]

 [[1159 1465]]

 [[1159 1451]]

 [[1161 1448]]

 [[1160 1442]]

 [[1158 1442]]]","[1173, 1481]",544.5,64.74435196195006
164,"[[[1433 1567]]

 [[1433 1571]]

 [[1437 1574]]

 [[1437 1585]]

 [[1432 1590]]

 [[1432 1593]]

 [[1438 1593]]

 [[1440 1599]]

 [[1440 1606]]

 [[1450 1616]]

 [[1457 1620]]

 [[1468 1621]]

 [[1469 1619]]

 [[1471 1619]]

 [[1472 1621]]

 [[1477 1622]]

 [[1477 1618]]

 [[1479 1615]]

 [[1485 1616]]

 [[1487 1614]]

 [[1486 1606]]

 [[1493 1599]]

 [[1493 1596]]

 [[1488 1596]]

 [[1487 1599]]

 [[1479 1606]]

 [[1472 1616]]

 [[1468 1616]]

 [[1465 1613]]

 [[1452 1608]]

 [[1446 1602]]

 [[1442 1589]]

 [[1442 1579]]

 [[1440 1573]]

 [[1444 1567]]

 [[1440 1567]]

 [[1437 1565]]]","[1457, 1601]",680.5,80.91557669441141
165,"[[[1432 1527]]

 [[1424 1523]]

 [[1417 1523]]

 [[1410 1527]]

 [[1404 1526]]

 [[1405 1529]]

 [[1397 1536]]

 [[1391 1545]]

 [[1389 1551]]

 [[1389 1557]]

 [[1391 1562]]

 [[1397 1568]]

 [[1406 1571]]

 [[1413 1571]]

 [[1422 1566]]

 [[1430 1557]]

 [[1438 1541]]

 [[1436 1533]]]","[1413, 1547]",1671.5,198.7514863258026
166,"[[[1220 1507]]

 [[1220 1515]]

 [[1222 1516]]

 [[1223 1521]]

 [[1228 1530]]

 [[1239 1539]]

 [[1245 1539]]

 [[1250 1541]]

 [[1252 1539]]

 [[1257 1538]]

 [[1259 1540]]

 [[1260 1551]]

 [[1271 1564]]

 [[1275 1567]]

 [[1283 1569]]

 [[1300 1569]]

 [[1309 1566]]

 [[1312 1570]]

 [[1310 1574]]

 [[1313 1580]]

 [[1316 1583]]

 [[1318 1583]]

 [[1321 1587]]

 [[1341 1594]]

 [[1357 1595]]

 [[1365 1593]]

 [[1366 1591]]

 [[1370 1591]]

 [[1374 1587]]

 [[1374 1579]]

 [[1376 1579]]

 [[1378 1582]]

 [[1380 1582]]

 [[1382 1585]]

 [[1386 1587]]

 [[1397 1588]]

 [[1413 1586]]

 [[1414 1584]]

 [[1424 1586]]

 [[1428 1579]]

 [[1428 1574]]

 [[1426 1574]]

 [[1419 1580]]

 [[1414 1582]]

 [[1384 1581]]

 [[1381 1576]]

 [[1381 1565]]

 [[1378 1565]]

 [[1369 1580]]

 [[1369 1584]]

 [[1362 1590]]

 [[1347 1590]]

 [[1342 1589]]

 [[1340 1586]]

 [[1327 1585]]

 [[1314 1574]]

 [[1318 1552]]

 [[1313 1554]]

 [[1311 1558]]

 [[1302 1564]]

 [[1283 1564]]

 [[1282 1562]]

 [[1277 1562]]

 [[1270 1556]]

 [[1262 1545]]

 [[1264 1535]]

 [[1263 1530]]

 [[1261 1530]]

 [[1256 1535]]

 [[1246 1536]]

 [[1244 1534]]

 [[1239 1533]]

 [[1233 1529]]

 [[1228 1523]]

 [[1225 1514]]

 [[1225 1505]]

 [[1222 1504]]]","[1321, 1566]",1471.5,174.9702734839477
167,"[[[1287 1504]]

 [[1284 1507]]

 [[1283 1511]]

 [[1280 1513]]

 [[1278 1519]]

 [[1273 1526]]

 [[1273 1534]]

 [[1276 1539]]

 [[1281 1544]]

 [[1288 1547]]

 [[1305 1547]]

 [[1315 1544]]

 [[1319 1539]]

 [[1323 1529]]

 [[1323 1519]]

 [[1309 1507]]

 [[1302 1503]]]","[1298, 1526]",1716.0,204.04280618311535
168,"[[[1368 1499]]

 [[1356 1498]]

 [[1345 1506]]

 [[1341 1506]]

 [[1342 1509]]

 [[1337 1518]]

 [[1333 1522]]

 [[1334 1534]]

 [[1329 1542]]

 [[1330 1550]]

 [[1337 1560]]

 [[1345 1564]]

 [[1358 1564]]

 [[1363 1558]]

 [[1371 1559]]

 [[1377 1555]]

 [[1385 1544]]

 [[1388 1531]]

 [[1390 1528]]

 [[1390 1520]]

 [[1388 1519]]

 [[1386 1512]]

 [[1377 1503]]

 [[1372 1502]]]","[1359, 1531]",2959.5,351.9024970273484
169,"[[[1275 1463]]

 [[1266 1463]]

 [[1269 1467]]

 [[1269 1472]]

 [[1266 1475]]

 [[1264 1475]]

 [[1257 1467]]

 [[1258 1464]]

 [[1263 1463]]

 [[1260 1462]]

 [[1258 1459]]

 [[1255 1461]]

 [[1253 1468]]

 [[1249 1471]]

 [[1246 1471]]

 [[1239 1484]]

 [[1233 1490]]

 [[1231 1500]]

 [[1233 1505]]

 [[1239 1511]]

 [[1242 1520]]

 [[1251 1524]]

 [[1259 1524]]

 [[1269 1517]]

 [[1275 1507]]

 [[1280 1502]]

 [[1284 1495]]

 [[1285 1482]]

 [[1280 1467]]]","[1258, 1493]",2254.5,268.07372175980976
170,"[[[1723 1646]]

 [[1714 1645]]

 [[1693 1662]]

 [[1683 1664]]

 [[1683 1666]]

 [[1687 1666]]

 [[1687 1674]]

 [[1684 1680]]

 [[1679 1685]]

 [[1679 1688]]

 [[1682 1692]]

 [[1681 1694]]

 [[1679 1694]]

 [[1681 1698]]

 [[1683 1698]]

 [[1683 1696]]

 [[1681 1695]]

 [[1682 1693]]

 [[1688 1693]]

 [[1691 1696]]

 [[1692 1700]]

 [[1700 1702]]

 [[1717 1701]]

 [[1724 1696]]

 [[1723 1683]]

 [[1726 1677]]

 [[1727 1670]]

 [[1727 1650]]]","[1706, 1675]",1932.0,229.72651605231866
171,"[[[1669 1630]]

 [[1663 1634]]

 [[1663 1638]]

 [[1660 1640]]

 [[1657 1647]]

 [[1654 1649]]

 [[1652 1655]]

 [[1652 1659]]

 [[1655 1664]]

 [[1663 1669]]

 [[1672 1668]]

 [[1674 1662]]

 [[1672 1645]]

 [[1670 1638]]

 [[1667 1634]]]","[1663, 1653]",541.5,64.38763376932224
172,"[[[1665 1586]]

 [[1661 1586]]

 [[1659 1589]]

 [[1665 1590]]

 [[1662 1595]]

 [[1654 1594]]

 [[1652 1591]]

 [[1646 1588]]

 [[1646 1580]]

 [[1633 1583]]

 [[1623 1592]]

 [[1623 1595]]

 [[1615 1609]]

 [[1613 1610]]

 [[1611 1617]]

 [[1611 1630]]

 [[1615 1643]]

 [[1615 1652]]

 [[1632 1652]]

 [[1643 1646]]

 [[1646 1646]]

 [[1652 1640]]

 [[1665 1620]]

 [[1667 1596]]

 [[1665 1592]]]","[1637, 1617]",2849.0,338.76337693222354
173,"[[[1572 1548]]

 [[1562 1549]]

 [[1556 1551]]

 [[1551 1555]]

 [[1545 1564]]

 [[1543 1573]]

 [[1539 1581]]

 [[1539 1585]]

 [[1535 1592]]

 [[1535 1598]]

 [[1543 1610]]

 [[1549 1628]]

 [[1551 1631]]

 [[1560 1636]]

 [[1564 1636]]

 [[1568 1633]]

 [[1572 1625]]

 [[1580 1617]]

 [[1582 1610]]

 [[1590 1604]]

 [[1589 1596]]

 [[1585 1587]]

 [[1585 1580]]

 [[1587 1576]]

 [[1586 1563]]

 [[1582 1555]]]","[1563, 1590]",3319.0,394.6492271105826
174,"[[[1479 1538]]

 [[1471 1539]]

 [[1468 1541]]

 [[1464 1540]]

 [[1455 1548]]

 [[1455 1559]]

 [[1457 1565]]

 [[1457 1571]]

 [[1455 1573]]

 [[1454 1578]]

 [[1455 1588]]

 [[1461 1593]]

 [[1471 1597]]

 [[1477 1596]]

 [[1483 1592]]

 [[1490 1577]]

 [[1494 1572]]

 [[1493 1570]]

 [[1489 1571]]

 [[1487 1566]]

 [[1491 1561]]

 [[1496 1560]]

 [[1491 1548]]]","[1472, 1566]",1807.5,214.92271105826399
175,"[[[1771 1698]]

 [[1764 1698]]

 [[1753 1703]]

 [[1748 1707]]

 [[1744 1717]]

 [[1745 1728]]

 [[1752 1735]]

 [[1761 1740]]

 [[1770 1739]]

 [[1776 1736]]

 [[1779 1729]]

 [[1779 1725]]

 [[1784 1718]]

 [[1780 1703]]]","[1763, 1718]",1255.0,149.2271105826397
176,"[[[1932 1683]]

 [[1928 1683]]

 [[1922 1686]]

 [[1916 1694]]

 [[1915 1698]]

 [[1913 1699]]

 [[1912 1708]]

 [[1914 1710]]

 [[1914 1713]]

 [[1918 1717]]

 [[1924 1718]]

 [[1930 1716]]

 [[1937 1706]]

 [[1937 1702]]

 [[1939 1700]]

 [[1937 1687]]]","[1925, 1700]",676.5,80.43995243757432
177,"[[[1761 1651]]

 [[1748 1651]]

 [[1745 1653]]

 [[1742 1660]]

 [[1735 1666]]

 [[1732 1688]]

 [[1734 1696]]

 [[1739 1700]]

 [[1744 1700]]

 [[1745 1698]]

 [[1759 1692]]

 [[1765 1686]]

 [[1772 1670]]

 [[1771 1659]]]","[1751, 1674]",1408.0,167.41973840665875
178,"[[[1838 1591]]

 [[1835 1592]]

 [[1823 1604]]

 [[1816 1605]]

 [[1815 1610]]

 [[1819 1620]]

 [[1817 1630]]

 [[1821 1630]]

 [[1822 1634]]

 [[1808 1636]]

 [[1806 1638]]

 [[1806 1647]]

 [[1797 1661]]

 [[1797 1666]]

 [[1791 1669]]

 [[1785 1677]]

 [[1784 1685]]

 [[1787 1689]]

 [[1795 1676]]

 [[1801 1672]]

 [[1804 1666]]

 [[1810 1662]]

 [[1821 1649]]

 [[1825 1648]]

 [[1826 1646]]

 [[1829 1647]]

 [[1829 1665]]

 [[1824 1671]]

 [[1814 1678]]

 [[1797 1698]]

 [[1796 1701]]

 [[1791 1702]]

 [[1791 1704]]

 [[1794 1706]]

 [[1797 1704]]

 [[1798 1701]]

 [[1811 1701]]

 [[1817 1699]]

 [[1819 1703]]

 [[1823 1703]]

 [[1826 1701]]

 [[1825 1697]]

 [[1821 1697]]

 [[1818 1700]]

 [[1817 1693]]

 [[1824 1686]]

 [[1831 1684]]

 [[1832 1677]]

 [[1838 1673]]

 [[1838 1670]]

 [[1834 1666]]

 [[1831 1658]]

 [[1833 1649]]

 [[1835 1645]]

 [[1841 1641]]

 [[1843 1634]]

 [[1847 1630]]

 [[1860 1629]]

 [[1856 1610]]

 [[1850 1603]]

 [[1848 1603]]

 [[1842 1597]]]","[1824, 1643]",2884.5,342.9845422116528
179,"[[[1974 1526]]

 [[1971 1526]]

 [[1961 1532]]

 [[1955 1539]]

 [[1954 1547]]

 [[1939 1561]]

 [[1941 1574]]

 [[1967 1598]]

 [[1975 1598]]

 [[1979 1592]]

 [[1982 1592]]

 [[1983 1595]]

 [[1987 1595]]

 [[1987 1589]]

 [[1984 1587]]

 [[1984 1583]]

 [[1990 1571]]

 [[1994 1552]]

 [[1993 1546]]

 [[1986 1535]]

 [[1976 1533]]]","[1968, 1562]",2563.0,304.75624256837096
180,"[[[1891 1455]]

 [[1887 1456]]

 [[1874 1466]]

 [[1871 1474]]

 [[1864 1482]]

 [[1848 1512]]

 [[1845 1528]]

 [[1847 1530]]

 [[1848 1536]]

 [[1853 1546]]

 [[1865 1559]]

 [[1871 1553]]

 [[1877 1554]]

 [[1881 1545]]

 [[1886 1545]]

 [[1890 1550]]

 [[1893 1550]]

 [[1906 1522]]

 [[1906 1493]]

 [[1908 1484]]

 [[1908 1467]]

 [[1906 1463]]

 [[1898 1460]]]","[1879, 1508]",4383.5,521.2247324613555
181,"[[[1854 1321]]

 [[1852 1321]]

 [[1852 1323]]

 [[1857 1330]]

 [[1857 1334]]

 [[1855 1341]]

 [[1851 1346]]

 [[1848 1346]]

 [[1844 1342]]

 [[1842 1335]]

 [[1824 1338]]

 [[1822 1334]]

 [[1820 1334]]

 [[1815 1338]]

 [[1807 1338]]

 [[1804 1340]]

 [[1801 1349]]

 [[1796 1354]]

 [[1792 1364]]

 [[1792 1368]]

 [[1797 1368]]

 [[1801 1373]]

 [[1805 1395]]

 [[1804 1418]]

 [[1807 1425]]

 [[1823 1426]]

 [[1820 1433]]

 [[1820 1444]]

 [[1818 1447]]

 [[1815 1447]]

 [[1812 1443]]

 [[1811 1439]]

 [[1813 1438]]

 [[1813 1436]]

 [[1804 1437]]

 [[1804 1439]]

 [[1810 1441]]

 [[1811 1449]]

 [[1809 1457]]

 [[1803 1465]]

 [[1803 1495]]

 [[1807 1500]]

 [[1813 1502]]

 [[1819 1507]]

 [[1839 1512]]

 [[1847 1498]]

 [[1854 1490]]

 [[1868 1461]]

 [[1875 1454]]

 [[1885 1448]]

 [[1883 1444]]

 [[1876 1444]]

 [[1873 1441]]

 [[1870 1435]]

 [[1870 1431]]

 [[1874 1429]]

 [[1876 1426]]

 [[1878 1414]]

 [[1878 1407]]

 [[1873 1389]]

 [[1873 1375]]

 [[1878 1368]]

 [[1878 1361]]

 [[1883 1356]]

 [[1883 1353]]

 [[1887 1348]]

 [[1884 1347]]

 [[1878 1352]]

 [[1871 1353]]

 [[1865 1368]]

 [[1861 1371]]

 [[1858 1377]]

 [[1855 1377]]

 [[1854 1372]]

 [[1856 1368]]

 [[1856 1363]]

 [[1863 1353]]

 [[1862 1337]]

 [[1858 1328]]

 [[1854 1324]]]","[1837, 1416]",10722.0,1274.910820451843
182,"[[[2222 1687]]

 [[2219 1687]]

 [[2219 1690]]

 [[2217 1692]]

 [[2209 1695]]

 [[2203 1704]]

 [[2203 1712]]

 [[2207 1724]]

 [[2211 1725]]

 [[2225 1710]]

 [[2230 1710]]

 [[2229 1707]]

 [[2225 1706]]

 [[2222 1703]]

 [[2220 1691]]

 [[2225 1690]]]","[2213, 1707]",522.0,62.06896551724138
183,"[[[2190 1551]]

 [[2186 1551]]

 [[2184 1554]]

 [[2180 1555]]

 [[2175 1559]]

 [[2167 1558]]

 [[2164 1554]]

 [[2161 1554]]

 [[2154 1558]]

 [[2151 1562]]

 [[2143 1561]]

 [[2139 1568]]

 [[2138 1577]]

 [[2133 1587]]

 [[2134 1601]]

 [[2143 1616]]

 [[2150 1620]]

 [[2153 1620]]

 [[2163 1606]]

 [[2167 1605]]

 [[2166 1598]]

 [[2171 1592]]

 [[2176 1589]]

 [[2175 1582]]

 [[2181 1575]]

 [[2184 1567]]

 [[2191 1560]]]","[2157, 1582]",2207.5,262.48513674197386
184,"[[[2128 1418]]

 [[2124 1418]]

 [[2120 1428]]

 [[2112 1435]]

 [[2108 1435]]

 [[2104 1431]]

 [[2102 1431]]

 [[2099 1434]]

 [[2094 1434]]

 [[2090 1454]]

 [[2091 1461]]

 [[2097 1471]]

 [[2099 1478]]

 [[2098 1487]]

 [[2103 1488]]

 [[2108 1494]]

 [[2108 1498]]

 [[2104 1502]]

 [[2095 1506]]

 [[2093 1510]]

 [[2093 1516]]

 [[2090 1522]]

 [[2091 1539]]

 [[2093 1544]]

 [[2097 1548]]

 [[2107 1552]]

 [[2108 1555]]

 [[2099 1556]]

 [[2097 1565]]

 [[2091 1573]]

 [[2091 1577]]

 [[2084 1583]]

 [[2082 1588]]

 [[2077 1593]]

 [[2075 1601]]

 [[2077 1630]]

 [[2083 1632]]

 [[2089 1650]]

 [[2094 1650]]

 [[2097 1648]]

 [[2102 1640]]

 [[2105 1630]]

 [[2105 1626]]

 [[2102 1621]]

 [[2103 1613]]

 [[2107 1608]]

 [[2115 1605]]

 [[2118 1600]]

 [[2123 1600]]

 [[2124 1595]]

 [[2126 1593]]

 [[2126 1585]]

 [[2129 1570]]

 [[2126 1570]]

 [[2128 1574]]

 [[2120 1587]]

 [[2116 1588]]

 [[2115 1583]]

 [[2120 1570]]

 [[2120 1565]]

 [[2116 1558]]

 [[2138 1556]]

 [[2141 1553]]

 [[2147 1552]]

 [[2154 1548]]

 [[2165 1547]]

 [[2174 1540]]

 [[2174 1533]]

 [[2168 1525]]

 [[2164 1516]]

 [[2160 1512]]

 [[2156 1502]]

 [[2156 1478]]

 [[2154 1472]]

 [[2154 1461]]

 [[2152 1451]]

 [[2141 1439]]

 [[2133 1435]]

 [[2134 1427]]]","[2119, 1522]",10390.5,1235.4934601664686
185,"[[[2032 1400]]

 [[2030 1402]]

 [[2027 1401]]

 [[2024 1404]]

 [[2023 1409]]

 [[2025 1409]]

 [[2026 1411]]

 [[2006 1434]]

 [[1996 1433]]

 [[1991 1441]]

 [[1989 1441]]

 [[1982 1433]]

 [[1978 1433]]

 [[1972 1429]]

 [[1966 1429]]

 [[1957 1423]]

 [[1951 1423]]

 [[1951 1429]]

 [[1943 1437]]

 [[1934 1436]]

 [[1934 1440]]

 [[1926 1451]]

 [[1922 1451]]

 [[1923 1457]]

 [[1915 1471]]

 [[1913 1481]]

 [[1913 1508]]

 [[1914 1515]]

 [[1919 1526]]

 [[1926 1529]]

 [[1931 1537]]

 [[1942 1537]]

 [[1945 1534]]

 [[1950 1534]]

 [[1954 1532]]

 [[1968 1520]]

 [[1971 1512]]

 [[1978 1508]]

 [[1984 1495]]

 [[1985 1480]]

 [[1989 1470]]

 [[1988 1459]]

 [[1986 1457]]

 [[1983 1457]]

 [[1981 1454]]

 [[1981 1449]]

 [[1983 1446]]

 [[1990 1445]]

 [[1995 1451]]

 [[1997 1469]]

 [[2006 1465]]

 [[2016 1456]]

 [[2025 1458]]

 [[2027 1460]]

 [[2035 1459]]

 [[2039 1461]]

 [[2039 1459]]

 [[2032 1449]]

 [[2026 1446]]

 [[2028 1438]]

 [[2028 1419]]

 [[2030 1416]]

 [[2027 1408]]]","[1961, 1474]",7633.5,907.6694411414982
186,"[[[2089 1004]]

 [[2083 1006]]

 [[2078 1013]]

 [[2079 1054]]

 [[2077 1059]]

 [[2077 1068]]

 [[2082 1074]]

 [[2092 1076]]

 [[2100 1071]]

 [[2102 1064]]

 [[2102 1056]]

 [[2100 1050]]

 [[2101 1022]]

 [[2097 1009]]

 [[2094 1005]]]","[2089, 1040]",1495.5,177.82401902497028
